x1,x2,x3,x4,x5,x6,x7,x8,x9,x10,x11,x12,x13,x14,x15,x16,x17,x18,x19,x20,x21,x22,x23,x24,x25,x26,x27,x28,x29,x30,x31,x32,x33,x34,x35,x36,x37,x38,x39,x40,x41,x42,x43,x44,x45,x46,x47,x48,x49,x50,x51,x52,x53,x54,x55,x56,x57,x58,x59,x60,x61,x62,x63,x64,x65,x66,Y 10 min,Y 15 min,Y 20 min,Y 30 min,Y 45 min,Y 60 min
Class 2,Salt,Low,High,0.00,0.56,0.72,10.2,2.2,8.2,9.95,2.5,0.208,0.342,17.53,0.00,0.00,48.47,0.00,0.00,20.00,0.00,0.00,0.00,0.00,0.00,5.00,0.00,0.00,0.00,0.00,5.00,0.00,0.00,0.00,0.00,0.00,0.00,0.00,0.00,0.00,0.00,0.00,2.00,0.00,0.00,0.00,0.00,2.00,17.67,255.39,80,500,8,0.63,0.85,PVA,3,0.465,0.637,300,Round,9.33,50 rpm,SLS,0.25,67.6,84.66,88.55,91.9,93.28,93.75
Class 2,Salt,Low,High,0.00,0.56,0.72,10.2,2.2,8.2,9.95,2.5,0.208,0.342,17.53,0.00,0.00,48.47,0.00,0.00,20.00,0.00,0.00,0.00,0.00,0.00,5.00,0.00,0.00,0.00,0.00,5.00,0.00,0.00,0.00,0.00,0.00,0.00,0.00,0.00,0.00,0.00,0.00,2.00,0.00,0.00,0.00,0.00,2.00,17.67,255.39,80,500,8,0.63,0.85,PVA,3,0.465,0.637,300,Round,9.33,50 rpm,SLS,0.25,68.17,85.13,87.35,92.61,94.26,95.22
Class 2,Salt,Low,High,0.00,0.56,0.72,10.2,2.2,8.2,9.95,2.5,0.208,0.342,17.53,0.00,0.00,48.47,0.00,0.00,20.00,0.00,0.00,0.00,0.00,0.00,5.00,0.00,0.00,0.00,0.00,5.00,0.00,0.00,0.00,0.00,0.00,0.00,0.00,0.00,0.00,0.00,0.00,2.00,0.00,0.00,0.00,0.00,2.00,17.67,255.39,80,500,8,0.63,0.85,PVA,3,0.465,0.637,300,Round,9.33,50 rpm,SLS,0.25,63.6,79.67,86.21,90.65,92.22,93.58
Class 2,Salt,Low,High,0.00,0.56,0.72,10.2,2.2,8.2,9.95,2.5,0.208,0.342,17.53,0.00,0.00,48.47,0.00,0.00,20.00,0.00,0.00,0.00,0.00,0.00,5.00,0.00,0.00,0.00,0.00,5.00,0.00,0.00,0.00,0.00,0.00,0.00,0.00,0.00,0.00,0.00,0.00,2.00,0.00,0.00,0.00,0.00,2.00,17.67,255.39,80,500,8,0.63,0.85,PVA,3,0.465,0.637,300,Round,9.33,50 rpm,SLS,0.25,73.43,86.42,89.83,92.81,95.09,95.09
Class 2,Salt,Low,High,0.00,0.56,0.72,10.2,2.2,8.2,9.95,2.5,0.208,0.342,17.53,0.00,0.00,48.47,0.00,0.00,20.00,0.00,0.00,0.00,0.00,0.00,5.00,0.00,0.00,0.00,0.00,5.00,0.00,0.00,0.00,0.00,0.00,0.00,0.00,0.00,0.00,0.00,0.00,2.00,0.00,0.00,0.00,0.00,2.00,17.67,255.39,80,500,8,0.63,0.85,PVA,3,0.465,0.637,300,Round,9.33,50 rpm,SLS,0.25,65.84,83.25,88.07,91.71,92.75,93.59
Class 2,Salt,Low,High,0.00,0.56,0.72,10.2,2.2,8.2,9.95,2.5,0.208,0.342,17.53,0.00,0.00,48.47,0.00,0.00,20.00,0.00,0.00,0.00,0.00,0.00,5.00,0.00,0.00,0.00,0.00,5.00,0.00,0.00,0.00,0.00,0.00,0.00,0.00,0.00,0.00,0.00,0.00,2.00,0.00,0.00,0.00,0.00,2.00,17.67,255.39,80,500,8,0.63,0.85,PVA,3,0.465,0.637,300,Round,9.33,50 rpm,SLS,0.25,63.58,82.07,86.63,90.83,92.58,93.52
Class 2,Salt,Low,High,0.00,0.56,0.72,10.2,2.2,8.2,9.95,2.5,0.208,0.342,17.53,0.00,0.00,48.47,0.00,0.00,20.00,0.00,0.00,0.00,0.00,0.00,5.00,0.00,0.00,0.00,0.00,5.00,0.00,0.00,0.00,0.00,0.00,0.00,0.00,0.00,0.00,0.00,0.00,2.00,0.00,0.00,0.00,0.00,2.00,17.67,255.39,80,500,8,0.63,0.85,PVA,3,0.465,0.637,300,Round,9.33,50 rpm,SLS,0.25,61.2,80.04,85.33,88.65,90.87,91.84
Class 2,Salt,Low,High,0.00,0.56,0.72,10.2,2.2,8.2,9.95,2.5,0.208,0.342,17.53,0.00,0.00,48.47,0.00,0.00,20.00,0.00,0.00,0.00,0.00,0.00,5.00,0.00,0.00,0.00,0.00,5.00,0.00,0.00,0.00,0.00,0.00,0.00,0.00,0.00,0.00,0.00,0.00,2.00,0.00,0.00,0.00,0.00,2.00,17.67,255.39,80,500,8,0.63,0.85,PVA,3,0.465,0.637,300,Round,9.33,50 rpm,SLS,0.25,60.91,82.53,88.35,93.35,95.16,96.34
Class 2,Salt,Low,High,0.00,0.56,0.72,10.2,2.2,8.2,9.95,2.5,0.208,0.342,17.53,0.00,0.00,48.47,0.00,0.00,20.00,0.00,0.00,0.00,0.00,0.00,5.00,0.00,0.00,0.00,0.00,5.00,0.00,0.00,0.00,0.00,0.00,0.00,0.00,0.00,0.00,0.00,0.00,2.00,0.00,0.00,0.00,0.00,2.00,17.67,255.39,80,500,8,0.63,0.85,PVA,3,0.465,0.637,300,Round,5.00,50 rpm,SLS,0.25,71.84,88.25,94.49,95.78,100.85,101.01
Class 2,Salt,Low,High,0.00,0.56,0.72,10.2,2.2,8.2,9.95,2.5,0.208,0.342,17.53,0.00,0.00,48.47,0.00,0.00,20.00,0.00,0.00,0.00,0.00,0.00,5.00,0.00,0.00,0.00,0.00,5.00,0.00,0.00,0.00,0.00,0.00,0.00,0.00,0.00,0.00,0.00,0.00,2.00,0.00,0.00,0.00,0.00,2.00,17.67,255.39,80,500,8,0.63,0.85,PVA,3,0.465,0.637,300,Round,5.00,50 rpm,SLS,0.25,78.53,90.9,95.63,96.72,99.43,99.78
Class 2,Salt,Low,High,0.00,0.56,0.72,10.2,2.2,8.2,9.95,2.5,0.208,0.342,17.53,0.00,0.00,48.47,0.00,0.00,20.00,0.00,0.00,0.00,0.00,0.00,5.00,0.00,0.00,0.00,0.00,5.00,0.00,0.00,0.00,0.00,0.00,0.00,0.00,0.00,0.00,0.00,0.00,2.00,0.00,0.00,0.00,0.00,2.00,17.67,255.39,80,500,8,0.63,0.85,PVA,3,0.465,0.637,300,Round,5.00,50 rpm,SLS,0.25,78.86,92.68,97.42,99.65,100.97,100.97
Class 2,Salt,Low,High,0.00,0.56,0.72,10.2,2.2,8.2,9.95,2.5,0.208,0.342,17.53,0.00,0.00,48.47,0.00,0.00,20.00,0.00,0.00,0.00,0.00,0.00,5.00,0.00,0.00,0.00,0.00,5.00,0.00,0.00,0.00,0.00,0.00,0.00,0.00,0.00,0.00,0.00,0.00,2.00,0.00,0.00,0.00,0.00,2.00,17.67,255.39,80,500,8,0.63,0.85,PVA,3,0.465,0.637,300,Round,5.00,50 rpm,SLS,0.25,76.17,89.02,94.7,97.9,99.07,100.39
Class 2,Salt,Low,High,0.00,0.56,0.72,10.2,2.2,8.2,9.95,2.5,0.208,0.342,17.53,0.00,0.00,48.47,0.00,0.00,20.00,0.00,0.00,0.00,0.00,0.00,5.00,0.00,0.00,0.00,0.00,5.00,0.00,0.00,0.00,0.00,0.00,0.00,0.00,0.00,0.00,0.00,0.00,2.00,0.00,0.00,0.00,0.00,2.00,17.67,255.39,80,500,8,0.63,0.85,PVA,3,0.465,0.637,300,Round,5.00,50 rpm,SLS,0.25,78.56,90.82,95.73,98.31,99.53,99.62
Class 2,Salt,Low,High,0.00,0.56,0.72,10.2,2.2,8.2,9.95,2.5,0.208,0.342,17.53,0.00,0.00,48.47,0.00,0.00,20.00,0.00,0.00,0.00,0.00,0.00,5.00,0.00,0.00,0.00,0.00,5.00,0.00,0.00,0.00,0.00,0.00,0.00,0.00,0.00,0.00,0.00,0.00,2.00,0.00,0.00,0.00,0.00,2.00,17.67,255.39,80,500,8,0.63,0.85,PVA,3,0.465,0.637,300,Round,5.00,50 rpm,SLS,0.25,79.2,90.7,95.6,98.62,99.74,100.59
Class 2,Salt,Low,High,0.00,0.56,0.72,10.2,2.2,8.2,9.95,2.5,0.208,0.342,17.53,0.00,0.00,48.47,0.00,0.00,20.00,0.00,0.00,0.00,0.00,0.00,5.00,0.00,0.00,0.00,0.00,5.00,0.00,0.00,0.00,0.00,0.00,0.00,0.00,0.00,0.00,0.00,0.00,2.00,0.00,0.00,0.00,0.00,2.00,17.67,255.39,80,500,8,0.63,0.85,PVA,3,0.465,0.637,300,Round,11.00,50 rpm,SLS,0.25,47.74,78.92,89.78,95.69,98.03,98.83
Class 2,Salt,Low,High,0.00,0.56,0.72,10.2,2.2,8.2,9.95,2.5,0.208,0.342,17.53,0.00,0.00,48.47,0.00,0.00,20.00,0.00,0.00,0.00,0.00,0.00,5.00,0.00,0.00,0.00,0.00,5.00,0.00,0.00,0.00,0.00,0.00,0.00,0.00,0.00,0.00,0.00,0.00,2.00,0.00,0.00,0.00,0.00,2.00,17.67,255.39,80,500,8,0.63,0.85,PVA,3,0.465,0.637,300,Round,11.00,50 rpm,SLS,0.25,47.58,78.87,89.14,95.13,97.93,98.69
Class 2,Salt,Low,High,0.00,0.56,0.72,10.2,2.2,8.2,9.95,2.5,0.208,0.342,17.53,0.00,0.00,48.47,0.00,0.00,20.00,0.00,0.00,0.00,0.00,0.00,5.00,0.00,0.00,0.00,0.00,5.00,0.00,0.00,0.00,0.00,0.00,0.00,0.00,0.00,0.00,0.00,0.00,2.00,0.00,0.00,0.00,0.00,2.00,17.67,255.39,80,500,8,0.63,0.85,PVA,3,0.465,0.637,300,Round,11.00,50 rpm,SLS,0.25,38.42,72.93,88.23,94.99,98.55,100.35
Class 2,Salt,Low,High,0.00,0.56,0.72,10.2,2.2,8.2,9.95,2.5,0.208,0.342,17.53,0.00,0.00,48.47,0.00,0.00,20.00,0.00,0.00,0.00,0.00,0.00,5.00,0.00,0.00,0.00,0.00,5.00,0.00,0.00,0.00,0.00,0.00,0.00,0.00,0.00,0.00,0.00,0.00,2.00,0.00,0.00,0.00,0.00,2.00,17.67,255.39,80,500,8,0.63,0.85,PVA,3,0.465,0.637,300,Round,11.00,50 rpm,SLS,0.25,46.38,80.24,90.4,95.77,98.22,98.9
Class 2,Salt,Low,High,0.00,0.56,0.72,10.2,2.2,8.2,9.95,2.5,0.208,0.342,17.53,0.00,0.00,48.47,0.00,0.00,20.00,0.00,0.00,0.00,0.00,0.00,5.00,0.00,0.00,0.00,0.00,5.00,0.00,0.00,0.00,0.00,0.00,0.00,0.00,0.00,0.00,0.00,0.00,2.00,0.00,0.00,0.00,0.00,2.00,17.67,255.39,80,500,8,0.63,0.85,PVA,3,0.465,0.637,300,Round,11.00,50 rpm,SLS,0.25,40.38,77.788,89.87,95.83,99.03,99.86
Class 2,Salt,Low,High,0.00,0.56,0.72,9.6,2.2,8.2,9.95,2.5,0.213,0.345,17.53,0.00,0.00,48.47,0.00,0.00,20.00,0.00,0.00,0.00,0.00,0.00,5.00,0.00,0.00,0.00,0.00,5.00,0.00,0.00,0.00,0.00,0.00,0.00,0.00,0.00,0.00,0.00,0.00,2.00,0.00,0.00,0.00,0.00,2.00,17.5,255.39,80,500,8,0.55,0.85,PVA,3,0.488,0.645,300,Round,7.40,50 rpm,SLS,0.25,63.3,89.72,98.31,101.87,103.86,104.41
Class 2,Salt,Low,High,0.00,0.56,0.72,9.6,2.2,8.2,9.95,2.5,0.213,0.345,17.53,0.00,0.00,48.47,0.00,0.00,20.00,0.00,0.00,0.00,0.00,0.00,5.00,0.00,0.00,0.00,0.00,5.00,0.00,0.00,0.00,0.00,0.00,0.00,0.00,0.00,0.00,0.00,0.00,2.00,0.00,0.00,0.00,0.00,2.00,17.5,255.39,80,500,8,0.55,0.85,PVA,3,0.488,0.645,300,Round,7.40,50 rpm,SLS,0.25,64.01,86.03,96.61,100.58,103.5,104.54
Class 2,Salt,Low,High,0.00,0.56,0.72,9.6,2.2,8.2,9.95,2.5,0.213,0.345,17.53,0.00,0.00,48.47,0.00,0.00,20.00,0.00,0.00,0.00,0.00,0.00,5.00,0.00,0.00,0.00,0.00,5.00,0.00,0.00,0.00,0.00,0.00,0.00,0.00,0.00,0.00,0.00,0.00,2.00,0.00,0.00,0.00,0.00,2.00,17.5,255.39,80,500,8,0.55,0.85,PVA,3,0.488,0.645,300,Round,7.40,50 rpm,SLS,0.25,74.38,86.28,95.75,98.82,100.11,101.02
Class 2,Salt,Low,High,0.00,0.56,0.72,9.6,2.2,8.2,9.95,2.5,0.213,0.345,17.53,0.00,0.00,48.47,0.00,0.00,20.00,0.00,0.00,0.00,0.00,0.00,5.00,0.00,0.00,0.00,0.00,5.00,0.00,0.00,0.00,0.00,0.00,0.00,0.00,0.00,0.00,0.00,0.00,2.00,0.00,0.00,0.00,0.00,2.00,17.5,255.39,80,500,8,0.55,0.85,PVA,3,0.488,0.645,300,Round,7.40,50 rpm,SLS,0.25,78.93,92.95,101.06,101.67,101.82,102.36
Class 2,Salt,Low,High,0.00,0.56,0.72,9.6,2.2,8.2,9.95,2.5,0.213,0.345,17.53,0.00,0.00,48.47,0.00,0.00,20.00,0.00,0.00,0.00,0.00,0.00,5.00,0.00,0.00,0.00,0.00,5.00,0.00,0.00,0.00,0.00,0.00,0.00,0.00,0.00,0.00,0.00,0.00,2.00,0.00,0.00,0.00,0.00,2.00,17.5,255.39,80,500,8,0.55,0.85,PVA,3,0.488,0.645,300,Round,7.40,50 rpm,SLS,0.25,77.87,94.69,100.25,102.51,103.01,103.44
Class 2,Salt,Low,High,0.00,0.56,0.72,9.6,2.2,8.2,9.95,2.5,0.213,0.345,17.53,0.00,0.00,48.47,0.00,0.00,20.00,0.00,0.00,0.00,0.00,0.00,5.00,0.00,0.00,0.00,0.00,5.00,0.00,0.00,0.00,0.00,0.00,0.00,0.00,0.00,0.00,0.00,0.00,2.00,0.00,0.00,0.00,0.00,2.00,17.5,255.39,80,500,8,0.55,0.85,PVA,3,0.488,0.645,300,Round,7.40,50 rpm,SLS,0.25,74.07,90.87,97.07,101.68,102.76,102.76
Class 2,Salt,Low,High,0.00,0.56,0.72,9.6,2.2,8.2,9.95,2.5,0.213,0.345,17.53,0.00,0.00,48.47,0.00,0.00,20.00,0.00,0.00,0.00,0.00,0.00,5.00,0.00,0.00,0.00,0.00,5.00,0.00,0.00,0.00,0.00,0.00,0.00,0.00,0.00,0.00,0.00,0.00,2.00,0.00,0.00,0.00,0.00,2.00,17.5,255.39,80,500,8,0.55,0.85,PVA,3,0.488,0.645,300,Round,7.40,50 rpm,SLS,0.25,74.89,91.47,98.41,101.31,102.02,102.83
Class 2,Salt,Low,High,0.00,0.56,0.72,9.6,2.2,8.2,9.95,2.5,0.213,0.345,17.53,0.00,0.00,48.47,0.00,0.00,20.00,0.00,0.00,0.00,0.00,0.00,5.00,0.00,0.00,0.00,0.00,5.00,0.00,0.00,0.00,0.00,0.00,0.00,0.00,0.00,0.00,0.00,0.00,2.00,0.00,0.00,0.00,0.00,2.00,17.5,255.39,80,500,8,0.55,0.85,PVA,3,0.488,0.645,300,Round,7.40,50 rpm,SLS,0.25,76.15,89.75,91.61,98.72,99.57,100.13
Class 2,Salt,Low,High,0.00,0.56,0.72,9.6,2.2,8.2,9.95,2.5,0.213,0.345,17.53,0.00,0.00,48.47,0.00,0.00,20.00,0.00,0.00,0.00,0.00,0.00,5.00,0.00,0.00,0.00,0.00,5.00,0.00,0.00,0.00,0.00,0.00,0.00,0.00,0.00,0.00,0.00,0.00,2.00,0.00,0.00,0.00,0.00,2.00,17.5,255.39,80,500,8,0.55,0.85,PVA,3,0.488,0.645,300,Round,7.40,50 rpm,SLS,0.25,74.95,91.84,98.4,100.95,102,102.53
Class 2,Salt,Low,High,0.00,0.56,0.72,9.6,2.2,8.2,9.95,2.5,0.213,0.345,17.53,0.00,0.00,48.47,0.00,0.00,20.00,0.00,0.00,0.00,0.00,0.00,5.00,0.00,0.00,0.00,0.00,5.00,0.00,0.00,0.00,0.00,0.00,0.00,0.00,0.00,0.00,0.00,0.00,2.00,0.00,0.00,0.00,0.00,2.00,17.5,255.39,80,500,8,0.55,0.85,PVA,3,0.488,0.645,300,Round,7.40,50 rpm,SLS,0.25,72.09,90.2,95.72,98.84,99.37,100.75
Class 2,Salt,Low,High,0.00,0.56,0.72,9.6,2.2,8.2,9.95,2.5,0.213,0.345,17.53,0.00,0.00,48.47,0.00,0.00,20.00,0.00,0.00,0.00,0.00,0.00,5.00,0.00,0.00,0.00,0.00,5.00,0.00,0.00,0.00,0.00,0.00,0.00,0.00,0.00,0.00,0.00,0.00,2.00,0.00,0.00,0.00,0.00,2.00,17.5,255.39,80,500,8,0.55,0.85,PVA,3,0.488,0.645,300,Round,7.40,50 rpm,SLS,0.25,75.34,90.76,96.26,99.19,99.76,100.28
Class 2,Salt,Low,High,0.00,0.56,0.72,9.6,2.2,8.2,9.95,2.5,0.213,0.345,17.53,0.00,0.00,48.47,0.00,0.00,20.00,0.00,0.00,0.00,0.00,0.00,5.00,0.00,0.00,0.00,0.00,5.00,0.00,0.00,0.00,0.00,0.00,0.00,0.00,0.00,0.00,0.00,0.00,2.00,0.00,0.00,0.00,0.00,2.00,17.5,255.39,80,500,8,0.55,0.85,PVA,3,0.488,0.645,300,Round,7.40,50 rpm,SLS,0.25,75.83,89.91,91.12,98.58,99.13,99.27
Class 2,Salt,Low,High,0.00,0.56,0.72,10.1,2.2,8.2,9.95,2.5,0.217,0.345,17.53,0.00,0.00,48.47,0.00,0.00,20.00,0.00,0.00,0.00,0.00,0.00,5.00,0.00,0.00,0.00,0.00,5.00,0.00,0.00,0.00,0.00,0.00,0.00,0.00,0.00,0.00,0.00,0.00,2.00,0.00,0.00,0.00,0.00,2.00,17.67,255.39,80,500,8,0.43,0.85,PVA,3,0.476,0.645,300,Round,7.81,50 rpm,SLS,0.25,67.69,86.46,93.88,97.12,99.31,99.99
Class 2,Salt,Low,High,0.00,0.56,0.72,7,2.2,8.2,9.95,2.5,0.217,0.345,17.53,0.00,0.00,48.47,0.00,0.00,20.00,0.00,0.00,0.00,0.00,0.00,5.00,0.00,0.00,0.00,0.00,5.00,0.00,0.00,0.00,0.00,0.00,0.00,0.00,0.00,0.00,0.00,0.00,2.00,0.00,0.00,0.00,0.00,2.00,18.403,1632.80,300,1000,8,0.71,0.85,PVA,3,0.581,0.748,300,Round,6.04,50 rpm,SLS,0.25,67.36,87.88,92.53,96.53,100,100
Class 2,Salt,Low,High,0.00,0.56,0.72,7,2.2,8.2,9.95,2.5,0.217,0.345,17.53,0.00,0.00,48.47,0.00,0.00,20.00,0.00,0.00,0.00,0.00,0.00,5.00,0.00,0.00,0.00,0.00,5.00,0.00,0.00,0.00,0.00,0.00,0.00,0.00,0.00,0.00,0.00,0.00,2.00,0.00,0.00,0.00,0.00,2.00,18.403,1632.80,300,1000,8,0.71,0.85,PVA,3,0.581,0.748,300,Round,6.04,50 rpm,SLS,0.25,78.83,87.84,91.9,95.27,100,100
Class 2,Salt,Low,High,0.00,0.56,0.72,7,2.2,8.2,9.95,2.5,0.217,0.345,17.53,0.00,0.00,48.47,0.00,0.00,20.00,0.00,0.00,0.00,0.00,0.00,5.00,0.00,0.00,0.00,0.00,5.00,0.00,0.00,0.00,0.00,0.00,0.00,0.00,0.00,0.00,0.00,0.00,2.00,0.00,0.00,0.00,0.00,2.00,18.403,1632.80,300,1000,8,0.71,0.85,PVA,3,0.581,0.748,300,Round,6.04,50 rpm,SLS,0.25,80.09,87.67,90.8,93.32,100,100
Class 2,Salt,Low,High,0.00,0.56,0.72,7,2.2,8.2,9.95,2.5,0.217,0.345,17.53,0.00,0.00,48.47,0.00,0.00,20.00,0.00,0.00,0.00,0.00,0.00,5.00,0.00,0.00,0.00,0.00,5.00,0.00,0.00,0.00,0.00,0.00,0.00,0.00,0.00,0.00,0.00,0.00,2.00,0.00,0.00,0.00,0.00,2.00,18.403,1632.80,300,1000,8,0.71,0.85,PVA,3,0.581,0.748,300,Round,6.04,50 rpm,SLS,0.25,77.32,89.68,94,97.61,100,100
Class 2,Salt,Low,High,0.00,0.56,0.72,7,2.2,8.2,9.95,2.5,0.217,0.345,17.53,0.00,0.00,48.47,0.00,0.00,20.00,0.00,0.00,0.00,0.00,0.00,5.00,0.00,0.00,0.00,0.00,5.00,0.00,0.00,0.00,0.00,0.00,0.00,0.00,0.00,0.00,0.00,0.00,2.00,0.00,0.00,0.00,0.00,2.00,18.403,1632.80,300,1000,8,0.71,0.85,PVA,3,0.581,0.748,300,Round,6.04,50 rpm,SLS,0.25,79.28,88.28,92.36,95.37,100,100
Class 2,Salt,Low,High,0.00,0.56,0.72,7,2.2,8.2,9.95,2.5,0.217,0.345,17.53,0.00,0.00,48.47,0.00,0.00,20.00,0.00,0.00,0.00,0.00,0.00,5.00,0.00,0.00,0.00,0.00,5.00,0.00,0.00,0.00,0.00,0.00,0.00,0.00,0.00,0.00,0.00,0.00,2.00,0.00,0.00,0.00,0.00,2.00,18.403,1632.80,300,1000,8,0.71,0.85,PVA,3,0.581,0.748,300,Round,6.04,50 rpm,SLS,0.25,78.49,85.49,88.92,91.83,100,100
Class 2,Salt,Low,High,0.00,0.56,0.72,7,2.2,8.2,9.95,2.5,0.217,0.345,17.53,0.00,0.00,48.47,0.00,0.00,20.00,0.00,0.00,0.00,0.00,0.00,5.00,0.00,0.00,0.00,0.00,5.00,0.00,0.00,0.00,0.00,0.00,0.00,0.00,0.00,0.00,0.00,0.00,2.00,0.00,0.00,0.00,0.00,2.00,18.403,1632.80,300,1000,8,0.71,0.85,PVA,3,0.581,0.748,300,Round,6.04,50 rpm,SLS,0.25,74.59,88.25,93.22,97.52,100,100
Class 2,Salt,Low,High,0.00,0.56,0.72,7,2.2,8.2,9.95,2.5,0.217,0.345,17.53,0.00,0.00,48.47,0.00,0.00,20.00,0.00,0.00,0.00,0.00,0.00,5.00,0.00,0.00,0.00,0.00,5.00,0.00,0.00,0.00,0.00,0.00,0.00,0.00,0.00,0.00,0.00,0.00,2.00,0.00,0.00,0.00,0.00,2.00,18.403,1632.80,300,1000,8,0.71,0.85,PVA,3,0.581,0.748,300,Round,6.04,50 rpm,SLS,0.25,78.59,88.65,92.76,96.25,100,100
Class 2,Salt,Low,High,0.00,0.56,0.72,7,2.2,8.2,9.95,2.5,0.217,0.345,17.53,0.00,0.00,48.47,0.00,0.00,20.00,0.00,0.00,0.00,0.00,0.00,5.00,0.00,0.00,0.00,0.00,5.00,0.00,0.00,0.00,0.00,0.00,0.00,0.00,0.00,0.00,0.00,0.00,2.00,0.00,0.00,0.00,0.00,2.00,18.403,1632.80,300,1000,8,0.71,0.85,PVA,3,0.581,0.748,300,Round,6.04,50 rpm,SLS,0.25,73.84,87.35,92.58,96.07,100,100
Class 2,Salt,Low,High,0.00,0.56,0.72,7,2.2,8.2,9.95,2.5,0.217,0.345,17.53,0.00,0.00,48.47,0.00,0.00,20.00,0.00,0.00,0.00,0.00,0.00,5.00,0.00,0.00,0.00,0.00,5.00,0.00,0.00,0.00,0.00,0.00,0.00,0.00,0.00,0.00,0.00,0.00,2.00,0.00,0.00,0.00,0.00,2.00,18.403,1632.80,300,1000,8,0.71,0.85,PVA,3,0.581,0.748,300,Round,6.04,50 rpm,SLS,0.25,68.52,85.08,90.7,94.25,100,100
Class 2,Salt,Low,High,0.00,0.56,0.72,7,2.2,8.2,9.95,2.5,0.217,0.345,17.53,0.00,0.00,48.47,0.00,0.00,20.00,0.00,0.00,0.00,0.00,0.00,5.00,0.00,0.00,0.00,0.00,5.00,0.00,0.00,0.00,0.00,0.00,0.00,0.00,0.00,0.00,0.00,0.00,2.00,0.00,0.00,0.00,0.00,2.00,18.403,1632.80,300,1000,8,0.71,0.85,PVA,3,0.581,0.748,300,Round,6.04,50 rpm,SLS,0.25,76.19,88.25,92.83,96.35,100,100
Class 2,Salt,Low,High,0.00,0.56,0.72,7,2.2,8.2,9.95,2.5,0.217,0.345,17.53,0.00,0.00,48.47,0.00,0.00,20.00,0.00,0.00,0.00,0.00,0.00,5.00,0.00,0.00,0.00,0.00,5.00,0.00,0.00,0.00,0.00,0.00,0.00,0.00,0.00,0.00,0.00,0.00,2.00,0.00,0.00,0.00,0.00,2.00,18.403,1632.80,300,1000,8,0.71,0.85,PVA,3,0.581,0.748,300,Round,6.04,50 rpm,SLS,0.25,71.55,86.65,91.71,95.5,100,100
Class 2,Salt,Low,High,0.00,0.56,0.72,7,2.2,8.2,9.95,2.5,0.217,0.345,17.53,0.00,0.00,48.47,0.00,0.00,20.00,0.00,0.00,0.00,0.00,0.00,5.00,0.00,0.00,0.00,0.00,5.00,0.00,0.00,0.00,0.00,0.00,0.00,0.00,0.00,0.00,0.00,0.00,2.00,0.00,0.00,0.00,0.00,2.00,18.403,1632.80,300,1000,8,0.88,0.85,PVA,3,0.581,0.757,300,Round,6.27,50 rpm,SLS,0.25,65,84.89,90.36,96.49,100,100
Class 2,Salt,Low,High,0.00,0.56,0.72,7,2.2,8.2,9.95,2.5,0.217,0.345,17.53,0.00,0.00,48.47,0.00,0.00,20.00,0.00,0.00,0.00,0.00,0.00,5.00,0.00,0.00,0.00,0.00,5.00,0.00,0.00,0.00,0.00,0.00,0.00,0.00,0.00,0.00,0.00,0.00,2.00,0.00,0.00,0.00,0.00,2.00,18.403,1632.80,300,1000,8,0.88,0.85,PVA,3,0.581,0.757,300,Round,6.27,50 rpm,SLS,0.25,75.5,87.97,93.23,95.45,100,100
Class 2,Salt,Low,High,0.00,0.56,0.72,7,2.2,8.2,9.95,2.5,0.217,0.345,17.53,0.00,0.00,48.47,0.00,0.00,20.00,0.00,0.00,0.00,0.00,0.00,5.00,0.00,0.00,0.00,0.00,5.00,0.00,0.00,0.00,0.00,0.00,0.00,0.00,0.00,0.00,0.00,0.00,2.00,0.00,0.00,0.00,0.00,2.00,18.403,1632.80,300,1000,8,0.88,0.85,PVA,3,0.581,0.757,300,Round,6.27,50 rpm,SLS,0.25,68.34,84.71,90.79,94.61,100,100
Class 2,Salt,Low,High,0.00,0.56,0.72,7,2.2,8.2,9.95,2.5,0.217,0.345,17.53,0.00,0.00,48.47,0.00,0.00,20.00,0.00,0.00,0.00,0.00,0.00,5.00,0.00,0.00,0.00,0.00,5.00,0.00,0.00,0.00,0.00,0.00,0.00,0.00,0.00,0.00,0.00,0.00,2.00,0.00,0.00,0.00,0.00,2.00,18.403,1632.80,300,1000,8,0.88,0.85,PVA,3,0.581,0.757,300,Round,6.27,50 rpm,SLS,0.25,72.91,87.19,91.55,96.39,100,100
Class 2,Salt,Low,High,0.00,0.56,0.72,7,2.2,8.2,9.95,2.5,0.217,0.345,17.53,0.00,0.00,48.47,0.00,0.00,20.00,0.00,0.00,0.00,0.00,0.00,5.00,0.00,0.00,0.00,0.00,5.00,0.00,0.00,0.00,0.00,0.00,0.00,0.00,0.00,0.00,0.00,0.00,2.00,0.00,0.00,0.00,0.00,2.00,18.403,1632.80,300,1000,8,0.88,0.85,PVA,3,0.581,0.757,300,Round,6.27,50 rpm,SLS,0.25,75.5,88.17,92.01,96.35,100,100
Class 2,Salt,Low,High,0.00,0.56,0.72,7,2.2,8.2,9.95,2.5,0.217,0.345,17.53,0.00,0.00,48.47,0.00,0.00,20.00,0.00,0.00,0.00,0.00,0.00,5.00,0.00,0.00,0.00,0.00,5.00,0.00,0.00,0.00,0.00,0.00,0.00,0.00,0.00,0.00,0.00,0.00,2.00,0.00,0.00,0.00,0.00,2.00,18.403,1632.80,300,1000,8,0.88,0.85,PVA,3,0.581,0.757,300,Round,6.27,50 rpm,SLS,0.25,69.42,87.34,91.68,96.33,100,100
Class 2,Salt,Low,High,0.00,0.56,0.72,7,2.2,8.2,9.95,2.5,0.217,0.345,17.53,0.00,0.00,48.47,0.00,0.00,20.00,0.00,0.00,0.00,0.00,0.00,5.00,0.00,0.00,0.00,0.00,5.00,0.00,0.00,0.00,0.00,0.00,0.00,0.00,0.00,0.00,0.00,0.00,2.00,0.00,0.00,0.00,0.00,2.00,18.403,1632.80,300,1000,8,0.88,0.85,PVA,3,0.581,0.757,300,Round,6.27,50 rpm,SLS,0.25,75.58,87.98,93.75,96.45,100,100
Class 2,Salt,Low,High,0.00,0.56,0.72,7,2.2,8.2,9.95,2.5,0.217,0.345,17.53,0.00,0.00,48.47,0.00,0.00,20.00,0.00,0.00,0.00,0.00,0.00,5.00,0.00,0.00,0.00,0.00,5.00,0.00,0.00,0.00,0.00,0.00,0.00,0.00,0.00,0.00,0.00,0.00,2.00,0.00,0.00,0.00,0.00,2.00,18.403,1632.80,300,1000,8,0.88,0.85,PVA,3,0.581,0.757,300,Round,6.27,50 rpm,SLS,0.25,68.06,85.8,92.37,97.21,100,100
Class 2,Salt,Low,High,0.00,0.56,0.72,7,2.2,8.2,9.95,2.5,0.217,0.345,17.53,0.00,0.00,48.47,0.00,0.00,20.00,0.00,0.00,0.00,0.00,0.00,5.00,0.00,0.00,0.00,0.00,5.00,0.00,0.00,0.00,0.00,0.00,0.00,0.00,0.00,0.00,0.00,0.00,2.00,0.00,0.00,0.00,0.00,2.00,18.403,1632.80,300,1000,8,0.88,0.85,PVA,3,0.581,0.757,300,Round,6.27,50 rpm,SLS,0.25,67.87,86.55,92.04,96.49,100,100
Class 2,Salt,Low,High,0.00,0.56,0.72,7,2.2,8.2,9.95,2.5,0.217,0.345,17.53,0.00,0.00,48.47,0.00,0.00,20.00,0.00,0.00,0.00,0.00,0.00,5.00,0.00,0.00,0.00,0.00,5.00,0.00,0.00,0.00,0.00,0.00,0.00,0.00,0.00,0.00,0.00,0.00,2.00,0.00,0.00,0.00,0.00,2.00,18.403,1632.80,300,1000,8,0.88,0.85,PVA,3,0.581,0.757,300,Round,6.27,50 rpm,SLS,0.25,69.61,86.17,90.82,95.27,100,100
Class 2,Salt,Low,High,0.00,0.56,0.72,7,2.2,8.2,9.95,2.5,0.217,0.345,17.53,0.00,0.00,48.47,0.00,0.00,20.00,0.00,0.00,0.00,0.00,0.00,5.00,0.00,0.00,0.00,0.00,5.00,0.00,0.00,0.00,0.00,0.00,0.00,0.00,0.00,0.00,0.00,0.00,2.00,0.00,0.00,0.00,0.00,2.00,18.403,1632.80,300,1000,8,0.88,0.85,PVA,3,0.581,0.757,300,Round,6.27,50 rpm,SLS,0.25,64.1,85.15,89.86,94.41,100,100
Class 2,Salt,Low,High,0.00,0.56,0.72,7,2.2,8.2,9.95,2.5,0.217,0.345,17.53,0.00,0.00,48.47,0.00,0.00,20.00,0.00,0.00,0.00,0.00,0.00,5.00,0.00,0.00,0.00,0.00,5.00,0.00,0.00,0.00,0.00,0.00,0.00,0.00,0.00,0.00,0.00,0.00,2.00,0.00,0.00,0.00,0.00,2.00,18.403,1632.80,300,1000,8,0.88,0.85,PVA,3,0.581,0.757,300,Round,6.27,50 rpm,SLS,0.25,75.35,88.51,93.17,96.74,100,100
Class 2,Salt,Low,High,0.00,0.56,0.72,7,2.2,8.2,9.95,2.5,0.217,0.345,17.53,0.00,0.00,48.47,0.00,0.00,20.00,0.00,0.00,0.00,0.00,0.00,5.00,0.00,0.00,0.00,0.00,5.00,0.00,0.00,0.00,0.00,0.00,0.00,0.00,0.00,0.00,0.00,0.00,2.00,0.00,0.00,0.00,0.00,2.00,18.403,1632.80,300,1000,8,0.75,0.85,PVA,3,0.586,0.749,300,Round,6.42,50 rpm,SLS,0.25,78.21,87.83,93.31,97.11,100,100
Class 2,Salt,Low,High,0.00,0.56,0.72,7,2.2,8.2,9.95,2.5,0.217,0.345,17.53,0.00,0.00,48.47,0.00,0.00,20.00,0.00,0.00,0.00,0.00,0.00,5.00,0.00,0.00,0.00,0.00,5.00,0.00,0.00,0.00,0.00,0.00,0.00,0.00,0.00,0.00,0.00,0.00,2.00,0.00,0.00,0.00,0.00,2.00,18.403,1632.80,300,1000,8,0.75,0.85,PVA,3,0.586,0.749,300,Round,6.42,50 rpm,SLS,0.25,64.17,82.7,89.51,93.55,100,100
Class 2,Salt,Low,High,0.00,0.56,0.72,7,2.2,8.2,9.95,2.5,0.217,0.345,17.53,0.00,0.00,48.47,0.00,0.00,20.00,0.00,0.00,0.00,0.00,0.00,5.00,0.00,0.00,0.00,0.00,5.00,0.00,0.00,0.00,0.00,0.00,0.00,0.00,0.00,0.00,0.00,0.00,2.00,0.00,0.00,0.00,0.00,2.00,18.403,1632.80,300,1000,8,0.75,0.85,PVA,3,0.586,0.749,300,Round,6.42,50 rpm,SLS,0.25,62.1,83.15,90.34,94.49,100,100
Class 2,Salt,Low,High,0.00,0.56,0.72,7,2.2,8.2,9.95,2.5,0.217,0.345,17.53,0.00,0.00,48.47,0.00,0.00,20.00,0.00,0.00,0.00,0.00,0.00,5.00,0.00,0.00,0.00,0.00,5.00,0.00,0.00,0.00,0.00,0.00,0.00,0.00,0.00,0.00,0.00,0.00,2.00,0.00,0.00,0.00,0.00,2.00,18.403,1632.80,300,1000,8,0.75,0.85,PVA,3,0.586,0.749,300,Round,6.42,50 rpm,SLS,0.25,77.08,86.85,91.08,95.7,100,100
Class 2,Salt,Low,High,0.00,0.56,0.72,7,2.2,8.2,9.95,2.5,0.217,0.345,17.53,0.00,0.00,48.47,0.00,0.00,20.00,0.00,0.00,0.00,0.00,0.00,5.00,0.00,0.00,0.00,0.00,5.00,0.00,0.00,0.00,0.00,0.00,0.00,0.00,0.00,0.00,0.00,0.00,2.00,0.00,0.00,0.00,0.00,2.00,18.403,1632.80,300,1000,8,0.75,0.85,PVA,3,0.586,0.749,300,Round,6.42,50 rpm,SLS,0.25,61.4,85.34,91.91,95.04,100,100
Class 2,Salt,Low,High,0.00,0.56,0.72,7,2.2,8.2,9.95,2.5,0.217,0.345,17.53,0.00,0.00,48.47,0.00,0.00,20.00,0.00,0.00,0.00,0.00,0.00,5.00,0.00,0.00,0.00,0.00,5.00,0.00,0.00,0.00,0.00,0.00,0.00,0.00,0.00,0.00,0.00,0.00,2.00,0.00,0.00,0.00,0.00,2.00,18.403,1632.80,300,1000,8,0.75,0.85,PVA,3,0.586,0.749,300,Round,6.42,50 rpm,SLS,0.25,60.21,83.04,89.48,93.49,100,100
Class 2,Salt,Low,High,0.00,0.56,0.72,7,2.2,8.2,9.95,2.5,0.217,0.345,17.53,0.00,0.00,48.47,0.00,0.00,20.00,0.00,0.00,0.00,0.00,0.00,5.00,0.00,0.00,0.00,0.00,5.00,0.00,0.00,0.00,0.00,0.00,0.00,0.00,0.00,0.00,0.00,0.00,2.00,0.00,0.00,0.00,0.00,2.00,18.403,1632.80,300,1000,8,0.75,0.85,PVA,3,0.586,0.749,300,Round,6.42,50 rpm,SLS,0.25,65.76,84.6,90.81,94.21,100,100
Class 2,Salt,Low,High,0.00,0.56,0.72,7,2.2,8.2,9.95,2.5,0.217,0.345,17.53,0.00,0.00,48.47,0.00,0.00,20.00,0.00,0.00,0.00,0.00,0.00,5.00,0.00,0.00,0.00,0.00,5.00,0.00,0.00,0.00,0.00,0.00,0.00,0.00,0.00,0.00,0.00,0.00,2.00,0.00,0.00,0.00,0.00,2.00,18.403,1632.80,300,1000,8,0.75,0.85,PVA,3,0.586,0.749,300,Round,6.42,50 rpm,SLS,0.25,63.7,86.35,92.85,97.14,100,100
Class 2,Salt,Low,High,0.00,0.56,0.72,7,2.2,8.2,9.95,2.5,0.217,0.345,17.53,0.00,0.00,48.47,0.00,0.00,20.00,0.00,0.00,0.00,0.00,0.00,5.00,0.00,0.00,0.00,0.00,5.00,0.00,0.00,0.00,0.00,0.00,0.00,0.00,0.00,0.00,0.00,0.00,2.00,0.00,0.00,0.00,0.00,2.00,18.403,1632.80,300,1000,8,0.75,0.85,PVA,3,0.586,0.749,300,Round,6.42,50 rpm,SLS,0.25,68.07,85.81,91.14,96.08,100,100
Class 2,Salt,Low,High,0.00,0.56,0.72,7,2.2,8.2,9.95,2.5,0.217,0.345,17.53,0.00,0.00,48.47,0.00,0.00,20.00,0.00,0.00,0.00,0.00,0.00,5.00,0.00,0.00,0.00,0.00,5.00,0.00,0.00,0.00,0.00,0.00,0.00,0.00,0.00,0.00,0.00,0.00,2.00,0.00,0.00,0.00,0.00,2.00,18.403,1632.80,300,1000,8,0.75,0.85,PVA,3,0.586,0.749,300,Round,6.42,50 rpm,SLS,0.25,65.35,83.64,90.15,94.58,100,100
Class 2,Salt,Low,High,0.00,0.56,0.72,7,2.2,8.2,9.95,2.5,0.217,0.345,17.53,0.00,0.00,48.47,0.00,0.00,20.00,0.00,0.00,0.00,0.00,0.00,5.00,0.00,0.00,0.00,0.00,5.00,0.00,0.00,0.00,0.00,0.00,0.00,0.00,0.00,0.00,0.00,0.00,2.00,0.00,0.00,0.00,0.00,2.00,18.403,1632.80,300,1000,8,0.75,0.85,PVA,3,0.586,0.749,300,Round,6.42,50 rpm,SLS,0.25,70.45,84.99,89.92,93.38,100,100
Class 2,Salt,Low,High,0.00,0.56,0.72,7,2.2,8.2,9.95,2.5,0.217,0.345,17.53,0.00,0.00,48.47,0.00,0.00,20.00,0.00,0.00,0.00,0.00,0.00,5.00,0.00,0.00,0.00,0.00,5.00,0.00,0.00,0.00,0.00,0.00,0.00,0.00,0.00,0.00,0.00,0.00,2.00,0.00,0.00,0.00,0.00,2.00,18.403,1632.80,300,1000,8,0.75,0.85,PVA,3,0.586,0.749,300,Round,6.42,50 rpm,SLS,0.25,69.29,87.59,92.34,95.81,100,100
Class 4,Base,Low,Low,0.00,0.295,0.000,9.439,2.1,12.9,4.99,1.5,0.167,0.214,30.00,0.00,0.00,0.00,33.33,0.00,0.00,0.00,0.00,0.00,0.00,4.00,0.00,0.00,0.00,0.00,3.00,0.00,0.00,0.00,0.00,0.00,0.00,8.67,0.00,0.00,0.00,19.00,1.00,0.00,0.00,0.00,1.00,0.00,0.00,28.673,272.13,100,1000,9,0.46,1,HPMC,3,0.526,0.8,300,Round,10.35,75 rpm,Tween,0.2,53.02,61.17,68.06,77.38,85.99,91.56
Class 4,Base,Low,Low,0.00,0.295,0.000,9.439,2.1,12.9,4.99,1.5,0.167,0.214,30.00,0.00,0.00,0.00,33.33,0.00,0.00,0.00,0.00,0.00,0.00,4.00,0.00,0.00,0.00,0.00,3.00,0.00,0.00,0.00,0.00,0.00,0.00,8.67,0.00,0.00,0.00,19.00,1.00,0.00,0.00,0.00,1.00,0.00,0.00,28.673,272.13,100,1000,9,0.46,1,HPMC,3,0.526,0.8,300,Round,10.35,75 rpm,Tween,0.2,53.26,61.42,68.65,77.78,86.01,91.32
Class 4,Base,Low,Low,0.00,0.295,0.000,9.439,2.1,12.9,4.99,1.5,0.167,0.214,30.00,0.00,0.00,0.00,33.33,0.00,0.00,0.00,0.00,0.00,0.00,4.00,0.00,0.00,0.00,0.00,3.00,0.00,0.00,0.00,0.00,0.00,0.00,8.67,0.00,0.00,0.00,19.00,1.00,0.00,0.00,0.00,1.00,0.00,0.00,28.673,272.13,100,1000,9,0.46,1,HPMC,3,0.526,0.8,300,Round,10.35,75 rpm,Tween,0.2,51.75,60.35,67.3,76.84,85.23,90.84
Class 4,Base,Low,Low,0.00,0.295,0.000,9.439,2.1,12.9,4.99,1.5,0.167,0.214,30.00,0.00,0.00,0.00,33.33,0.00,0.00,0.00,0.00,0.00,0.00,4.00,0.00,0.00,0.00,0.00,3.00,0.00,0.00,0.00,0.00,0.00,0.00,8.67,0.00,0.00,0.00,19.00,1.00,0.00,0.00,0.00,1.00,0.00,0.00,28.673,272.13,100,1000,9,0.46,1,HPMC,3,0.526,0.8,300,Round,10.35,75 rpm,Tween,0.2,52.62,60.56,67.01,75.98,83.64,88.98
Class 4,Base,Low,Low,0.00,0.295,0.000,9.439,2.1,12.9,4.99,1.5,0.167,0.214,30.00,0.00,0.00,0.00,33.33,0.00,0.00,0.00,0.00,0.00,0.00,4.00,0.00,0.00,0.00,0.00,3.00,0.00,0.00,0.00,0.00,0.00,0.00,8.67,0.00,0.00,0.00,19.00,1.00,0.00,0.00,0.00,1.00,0.00,0.00,28.673,272.13,100,1000,9,0.46,1,HPMC,3,0.526,0.8,300,Round,10.35,75 rpm,Tween,0.2,53.02,75.88,80.98,87.23,90.74,90.74
Class 4,Base,Low,Low,0.00,0.295,0.000,9.439,2.1,12.9,4.99,1.5,0.167,0.214,30.00,0.00,0.00,0.00,33.33,0.00,0.00,0.00,0.00,0.00,0.00,4.00,0.00,0.00,0.00,0.00,3.00,0.00,0.00,0.00,0.00,0.00,0.00,8.67,0.00,0.00,0.00,19.00,1.00,0.00,0.00,0.00,1.00,0.00,0.00,28.673,272.13,100,1000,9,0.46,1,HPMC,3,0.526,0.8,300,Round,10.35,75 rpm,Tween,0.2,51.91,60.14,66.54,75.71,83.78,89
Class 4,Base,Low,Low,0.00,0.295,0.000,9.439,2.1,12.9,4.99,1.5,0.167,0.214,30.00,0.00,0.00,0.00,33.33,0.00,0.00,0.00,0.00,0.00,0.00,4.00,0.00,0.00,0.00,0.00,3.00,0.00,0.00,0.00,0.00,0.00,0.00,8.67,0.00,0.00,0.00,19.00,1.00,0.00,0.00,0.00,1.00,0.00,0.00,28.673,272.13,100,1000,9,0.46,1,HPMC,3,0.526,0.8,300,Round,10.35,75 rpm,Tween,0.2,51.47,58.85,65.51,74.68,82.73,87.39
Class 4,Base,Low,Low,0.00,0.295,0.000,9.439,2.1,12.9,4.99,1.5,0.167,0.214,30.00,0.00,0.00,0.00,33.33,0.00,0.00,0.00,0.00,0.00,0.00,4.00,0.00,0.00,0.00,0.00,3.00,0.00,0.00,0.00,0.00,0.00,0.00,8.67,0.00,0.00,0.00,19.00,1.00,0.00,0.00,0.00,1.00,0.00,0.00,28.673,272.13,100,1000,9,0.46,1,HPMC,3,0.526,0.8,300,Round,10.35,75 rpm,Tween,0.2,50.51,57.71,63.58,72.09,79.54,83.54
Class 4,Base,Low,Low,0.00,0.295,0.000,9.439,2.1,12.9,4.99,1.5,0.167,0.214,30.00,0.00,0.00,0.00,33.33,0.00,0.00,0.00,0.00,0.00,0.00,4.00,0.00,0.00,0.00,0.00,3.00,0.00,0.00,0.00,0.00,0.00,0.00,8.67,0.00,0.00,0.00,19.00,1.00,0.00,0.00,0.00,1.00,0.00,0.00,28.673,272.13,100,1000,9,0.46,1,HPMC,3,0.526,0.8,300,Round,10.35,75 rpm,Tween,0.2,50.42,58.34,65.21,74.41,82.07,86.41
Class 4,Base,Low,Low,0.00,0.295,0.000,9.439,2.1,12.9,4.99,1.5,0.167,0.214,30.00,0.00,0.00,0.00,33.33,0.00,0.00,0.00,0.00,0.00,0.00,4.00,0.00,0.00,0.00,0.00,3.00,0.00,0.00,0.00,0.00,0.00,0.00,8.67,0.00,0.00,0.00,19.00,1.00,0.00,0.00,0.00,1.00,0.00,0.00,28.673,272.13,100,1000,9,0.46,1,HPMC,3,0.526,0.8,300,Round,10.35,75 rpm,Tween,0.2,50.7,60.29,67.37,76.99,85.74,91.17
Class 4,Base,Low,Low,0.00,0.295,0.000,9.439,2.1,12.9,4.99,1.5,0.167,0.214,30.00,0.00,0.00,0.00,33.33,0.00,0.00,0.00,0.00,0.00,0.00,4.00,0.00,0.00,0.00,0.00,3.00,0.00,0.00,0.00,0.00,0.00,0.00,8.67,0.00,0.00,0.00,19.00,1.00,0.00,0.00,0.00,1.00,0.00,0.00,28.673,272.13,100,1000,9,0.46,1,HPMC,3,0.526,0.8,300,Round,10.35,75 rpm,Tween,0.2,49.08,58.04,64.64,73.46,81.25,85.44
Class 4,Base,Low,Low,0.00,0.295,0.000,9.439,2.1,12.9,4.99,1.5,0.167,0.214,30.00,0.00,0.00,0.00,33.33,0.00,0.00,0.00,0.00,0.00,0.00,4.00,0.00,0.00,0.00,0.00,3.00,0.00,0.00,0.00,0.00,0.00,0.00,8.67,0.00,0.00,0.00,19.00,1.00,0.00,0.00,0.00,1.00,0.00,0.00,28.673,272.13,100,1000,9,0.46,1,HPMC,3,0.526,0.8,300,Round,10.35,75 rpm,Tween,0.2,50.14,57.7,63.93,72.21,79.38,83.78
Class 3,Base,High,Low,12.00,0.000,0.000,40.7,-1.2,8,5.95,1.0,0.333,0.556,0.25,66.89,0.00,0.00,0.00,0.00,24.86,0.00,0.00,0.00,0.00,0.00,0.00,2.50,0.00,0.00,0.00,2.00,0.00,0.00,0.00,0.00,0.00,0.00,0.00,0.00,0.00,0.00,0.00,0.00,2.50,0.00,1.00,0.00,0.00,19.546,319.23,100,500,3,1.03,0.6,HPMC,3,0.588,0.676,210,Round,7.35,50 rpm,No,0,96.9,98.22,99.11,99.63,99.84,99.84
Class 3,Base,High,Low,12.00,0.000,0.000,40.7,-1.2,8,5.95,1.0,0.333,0.556,0.25,66.89,0.00,0.00,0.00,0.00,24.86,0.00,0.00,0.00,0.00,0.00,0.00,2.50,0.00,0.00,0.00,2.00,0.00,0.00,0.00,0.00,0.00,0.00,0.00,0.00,0.00,0.00,0.00,0.00,2.50,0.00,1.00,0.00,0.00,19.546,319.23,100,500,3,1.03,0.6,HPMC,3,0.588,0.676,210,Round,7.35,50 rpm,No,0,92.46,96.65,98.15,99.84,100.7,100.7
Class 3,Base,High,Low,12.00,0.000,0.000,40.7,-1.2,8,5.95,1.0,0.333,0.556,0.25,66.89,0.00,0.00,0.00,0.00,24.86,0.00,0.00,0.00,0.00,0.00,0.00,2.50,0.00,0.00,0.00,2.00,0.00,0.00,0.00,0.00,0.00,0.00,0.00,0.00,0.00,0.00,0.00,0.00,2.50,0.00,1.00,0.00,0.00,19.546,319.23,100,500,3,1.03,0.6,HPMC,3,0.588,0.676,210,Round,7.35,50 rpm,No,0,96.14,97.97,98.58,98.58,98.74,98.74
Class 3,Base,High,Low,12.00,0.000,0.000,40.7,-1.2,8,5.95,1.0,0.333,0.556,0.25,66.89,0.00,0.00,0.00,0.00,24.86,0.00,0.00,0.00,0.00,0.00,0.00,2.50,0.00,0.00,0.00,2.00,0.00,0.00,0.00,0.00,0.00,0.00,0.00,0.00,0.00,0.00,0.00,0.00,2.50,0.00,1.00,0.00,0.00,19.546,319.23,100,500,3,1.03,0.6,HPMC,3,0.588,0.676,210,Round,7.35,50 rpm,No,0,95.09,96.69,97.25,97.56,97.56,97.56
Class 3,Base,High,Low,12.00,0.000,0.000,40.7,-1.2,8,5.95,1.0,0.333,0.556,0.25,66.89,0.00,0.00,0.00,0.00,24.86,0.00,0.00,0.00,0.00,0.00,0.00,2.50,0.00,0.00,0.00,2.00,0.00,0.00,0.00,0.00,0.00,0.00,0.00,0.00,0.00,0.00,0.00,0.00,2.50,0.00,1.00,0.00,0.00,19.546,319.23,100,500,3,1.03,0.6,HPMC,3,0.588,0.676,210,Round,7.35,50 rpm,No,0,98.64,100.27,100.35,100.84,100.84,100.84
Class 3,Base,High,Low,12.00,0.000,0.000,40.7,-1.2,8,5.95,1.0,0.333,0.556,0.25,66.89,0.00,0.00,0.00,0.00,24.86,0.00,0.00,0.00,0.00,0.00,0.00,2.50,0.00,0.00,0.00,2.00,0.00,0.00,0.00,0.00,0.00,0.00,0.00,0.00,0.00,0.00,0.00,0.00,2.50,0.00,1.00,0.00,0.00,19.546,319.23,100,500,3,1.03,0.6,HPMC,3,0.588,0.676,210,Round,5.15,50 rpm,No,0,92,95,97,98,98,98
Class 3,Base,High,Low,12.00,0.000,0.000,40.7,-1.2,8,5.95,1.0,0.333,0.556,0.25,66.89,0.00,0.00,0.00,0.00,24.86,0.00,0.00,0.00,0.00,0.00,0.00,2.50,0.00,0.00,0.00,2.00,0.00,0.00,0.00,0.00,0.00,0.00,0.00,0.00,0.00,0.00,0.00,0.00,2.50,0.00,1.00,0.00,0.00,19.546,319.23,100,500,3,1.03,0.6,HPMC,3,0.588,0.676,210,Round,5.15,50 rpm,No,0,100,103,103,104,104,104
Class 3,Base,High,Low,12.00,0.000,0.000,40.7,-1.2,8,5.95,1.0,0.333,0.556,0.25,66.89,0.00,0.00,0.00,0.00,24.86,0.00,0.00,0.00,0.00,0.00,0.00,2.50,0.00,0.00,0.00,2.00,0.00,0.00,0.00,0.00,0.00,0.00,0.00,0.00,0.00,0.00,0.00,0.00,2.50,0.00,1.00,0.00,0.00,19.546,319.23,100,500,3,1.03,0.6,HPMC,3,0.588,0.676,210,Round,5.15,50 rpm,No,0,94,94,94,94,94,94
Class 3,Base,High,Low,12.00,0.000,0.000,40.7,-1.2,8,5.95,1.0,0.333,0.556,0.25,66.89,0.00,0.00,0.00,0.00,24.86,0.00,0.00,0.00,0.00,0.00,0.00,2.50,0.00,0.00,0.00,2.00,0.00,0.00,0.00,0.00,0.00,0.00,0.00,0.00,0.00,0.00,0.00,0.00,2.50,0.00,1.00,0.00,0.00,19.546,319.23,100,500,3,1.03,0.6,HPMC,3,0.588,0.676,210,Round,5.15,50 rpm,No,0,97,96,99,99,100,100
Class 3,Base,High,Low,12.00,0.000,0.000,40.7,-1.2,8,5.95,1.0,0.333,0.556,0.25,66.89,0.00,0.00,0.00,0.00,24.86,0.00,0.00,0.00,0.00,0.00,0.00,2.50,0.00,0.00,0.00,2.00,0.00,0.00,0.00,0.00,0.00,0.00,0.00,0.00,0.00,0.00,0.00,0.00,2.50,0.00,1.00,0.00,0.00,19.546,319.23,100,500,3,1.03,0.6,HPMC,3,0.588,0.676,210,Round,8.3,50 rpm,No,0,88,92,92,92,92,92
Class 3,Base,High,Low,12.00,0.000,0.000,40.7,-1.2,8,5.95,1.0,0.333,0.556,0.25,66.89,0.00,0.00,0.00,0.00,24.86,0.00,0.00,0.00,0.00,0.00,0.00,2.50,0.00,0.00,0.00,2.00,0.00,0.00,0.00,0.00,0.00,0.00,0.00,0.00,0.00,0.00,0.00,0.00,2.50,0.00,1.00,0.00,0.00,19.546,319.23,100,500,3,1.03,0.6,HPMC,3,0.588,0.676,210,Round,8.3,50 rpm,No,0,85,91,92,94,95,95
Class 3,Base,High,Low,12.00,0.000,0.000,40.7,-1.2,8,5.95,1.0,0.333,0.556,0.25,66.89,0.00,0.00,0.00,0.00,24.86,0.00,0.00,0.00,0.00,0.00,0.00,2.50,0.00,0.00,0.00,2.00,0.00,0.00,0.00,0.00,0.00,0.00,0.00,0.00,0.00,0.00,0.00,0.00,2.50,0.00,1.00,0.00,0.00,19.546,319.23,100,500,3,1.03,0.6,HPMC,3,0.588,0.676,210,Round,8.3,50 rpm,No,0,92,96,96,97,97,97
Class 3,Base,High,Low,12.00,0.000,0.000,40.7,-1.2,8,5.95,1.0,0.333,0.556,0.25,66.89,0.00,0.00,0.00,0.00,24.86,0.00,0.00,0.00,0.00,0.00,0.00,2.50,0.00,0.00,0.00,2.00,0.00,0.00,0.00,0.00,0.00,0.00,0.00,0.00,0.00,0.00,0.00,0.00,2.50,0.00,1.00,0.00,0.00,19.546,319.23,100,500,3,1.03,0.6,HPMC,3,0.588,0.676,210,Round,8.3,50 rpm,No,0,94,97,98,99,99,99
Class 3,Base,High,Low,12.00,0.000,0.000,57,-1.2,8,5.95,1.0,0.417,0.625,0.25,66.89,0.00,0.00,0.00,0.00,24.86,0.00,0.00,0.00,0.00,0.00,0.00,2.50,0.00,0.00,0.00,2.00,0.00,0.00,0.00,0.00,0.00,0.00,0.00,0.00,0.00,0.00,0.00,0.00,2.50,0.00,1.00,0.00,0.00,19.546,319.23,100,500,3,0.53,0.6,HPMC,3,0.556,0.68,210,Round,5.95,50 rpm,No,0,98,101,101,101,101,101
Class 2,Base,Low,High,0.008,0.006,0.005,7.7,2.69,13.5,5.9,3,0.217,0.333,19.61,22.45,0.00,0.00,0.00,0.00,50.00,0.00,0.00,0.00,0.00,2.94,0.00,0.00,0.00,0.00,0.00,0.00,1.96,0.00,0.49,0.00,0.00,0.00,0.00,0.00,0.00,0.00,1.96,0.00,0.00,0.00,0.00,0.59,0.00,39.12,272.13,100,1000,8,1.44,0.6,HPMC,3,0.488,0.667,102,Round,3.55,75 rpm,SLS,0.4,93.97,97.62,100.33,102.84,104.95,106.53
Class 2,Base,Low,High,0.008,0.006,0.005,7.7,2.69,13.5,5.9,3,0.217,0.333,19.61,22.45,0.00,0.00,0.00,0.00,50.00,0.00,0.00,0.00,0.00,2.94,0.00,0.00,0.00,0.00,0.00,0.00,1.96,0.00,0.49,0.00,0.00,0.00,0.00,0.00,0.00,0.00,1.96,0.00,0.00,0.00,0.00,0.59,0.00,39.12,272.13,100,1000,8,1.44,0.6,HPMC,3,0.488,0.667,102,Round,3.55,75 rpm,SLS,0.4,94.25,96.64,99.59,101.76,103.8,105.39
Class 2,Base,Low,High,0.008,0.006,0.005,7.7,2.69,13.5,5.9,3,0.217,0.333,19.61,22.45,0.00,0.00,0.00,0.00,50.00,0.00,0.00,0.00,0.00,2.94,0.00,0.00,0.00,0.00,0.00,0.00,1.96,0.00,0.49,0.00,0.00,0.00,0.00,0.00,0.00,0.00,1.96,0.00,0.00,0.00,0.00,0.59,0.00,39.12,272.13,100,1000,8,1.44,0.6,HPMC,3,0.488,0.667,102,Round,3.55,75 rpm,SLS,0.4,94.95,96.8,100.56,103.17,104.43,106.52
Class 2,Base,Low,High,0.008,0.006,0.005,7.7,2.69,13.5,5.9,3,0.217,0.333,19.61,22.45,0.00,0.00,0.00,0.00,50.00,0.00,0.00,0.00,0.00,2.94,0.00,0.00,0.00,0.00,0.00,0.00,1.96,0.00,0.49,0.00,0.00,0.00,0.00,0.00,0.00,0.00,1.96,0.00,0.00,0.00,0.00,0.59,0.00,39.12,272.13,100,1000,8,1.44,0.6,HPMC,3,0.488,0.667,102,Round,3.55,75 rpm,SLS,0.4,94.93,98.42,100.16,102.26,104.15,105.66
Class 2,Base,Low,High,0.008,0.006,0.005,7.7,2.69,13.5,5.9,3,0.217,0.333,19.61,22.45,0.00,0.00,0.00,0.00,50.00,0.00,0.00,0.00,0.00,2.94,0.00,0.00,0.00,0.00,0.00,0.00,1.96,0.00,0.49,0.00,0.00,0.00,0.00,0.00,0.00,0.00,1.96,0.00,0.00,0.00,0.00,0.59,0.00,39.12,272.13,100,1000,8,1.44,0.6,HPMC,3,0.488,0.667,102,Round,3.55,75 rpm,SLS,0.4,95,97.65,100.49,102.66,104.67,104.96
Class 2,Base,Low,High,0.008,0.006,0.005,7.7,2.69,13.5,5.9,3,0.217,0.333,19.61,22.45,0.00,0.00,0.00,0.00,50.00,0.00,0.00,0.00,0.00,2.94,0.00,0.00,0.00,0.00,0.00,0.00,1.96,0.00,0.49,0.00,0.00,0.00,0.00,0.00,0.00,0.00,1.96,0.00,0.00,0.00,0.00,0.59,0.00,39.12,272.13,100,1000,8,1.44,0.6,HPMC,3,0.488,0.667,102,Round,3.55,75 rpm,SLS,0.4,92.58,94.65,97.09,98.77,100.83,102.35
Class 2,Base,Low,High,0.008,0.006,0.005,8.249,2.69,13.5,5.9,3,0.238,0.37,19.75,22.45,0.00,0.00,0.00,0.00,49.86,0.00,0.00,0.00,0.00,2.94,0.00,0.00,0.00,0.00,0.00,0.00,1.96,0.00,0.49,0.00,0.00,0.00,0.00,0.00,0.00,0.00,1.96,0.00,0.00,0.00,0.00,0.59,0.00,41.92,272.13,100,1000,9,1.33,0.6,HPMC,3,0.541,0.667,102,Round,4.25,75 rpm,SLS,0.4,87.31,90.09,92.28,94.04,95.78,96.19
Class 2,Base,Low,High,0.008,0.006,0.005,8.249,2.69,13.5,5.9,3,0.238,0.37,19.75,22.45,0.00,0.00,0.00,0.00,49.86,0.00,0.00,0.00,0.00,2.94,0.00,0.00,0.00,0.00,0.00,0.00,1.96,0.00,0.49,0.00,0.00,0.00,0.00,0.00,0.00,0.00,1.96,0.00,0.00,0.00,0.00,0.59,0.00,41.92,272.13,100,1000,9,1.33,0.6,HPMC,3,0.541,0.667,102,Round,4.25,75 rpm,SLS,0.4,86.23,89.92,92.41,93.66,95.56,96.93
Class 2,Base,Low,High,0.008,0.006,0.005,8.249,2.69,13.5,5.9,3,0.238,0.37,19.75,22.45,0.00,0.00,0.00,0.00,49.86,0.00,0.00,0.00,0.00,2.94,0.00,0.00,0.00,0.00,0.00,0.00,1.96,0.00,0.49,0.00,0.00,0.00,0.00,0.00,0.00,0.00,1.96,0.00,0.00,0.00,0.00,0.59,0.00,41.92,272.13,100,1000,9,1.33,0.6,HPMC,3,0.541,0.667,102,Round,4.25,75 rpm,SLS,0.4,88.05,91.52,93.14,94.72,96.16,97.09
Class 2,Base,Low,High,0.008,0.006,0.005,8.249,2.69,13.5,5.9,3,0.238,0.37,19.75,22.45,0.00,0.00,0.00,0.00,49.86,0.00,0.00,0.00,0.00,2.94,0.00,0.00,0.00,0.00,0.00,0.00,1.96,0.00,0.49,0.00,0.00,0.00,0.00,0.00,0.00,0.00,1.96,0.00,0.00,0.00,0.00,0.59,0.00,41.92,272.13,100,1000,9,1.33,0.6,HPMC,3,0.541,0.667,102,Round,4.25,75 rpm,SLS,0.4,88.38,91.27,93.16,94.59,96.06,96.72
Class 2,Base,Low,High,0.008,0.006,0.005,8.249,2.69,13.5,5.9,3,0.238,0.37,19.75,22.45,0.00,0.00,0.00,0.00,49.86,0.00,0.00,0.00,0.00,2.94,0.00,0.00,0.00,0.00,0.00,0.00,1.96,0.00,0.49,0.00,0.00,0.00,0.00,0.00,0.00,0.00,1.96,0.00,0.00,0.00,0.00,0.59,0.00,41.92,272.13,100,1000,9,1.33,0.6,HPMC,3,0.541,0.667,102,Round,4.25,75 rpm,SLS,0.4,86.62,89.7,91.94,93.25,94.55,95.75
Class 2,Base,Low,High,0.008,0.006,0.005,8.249,2.69,13.5,5.9,3,0.238,0.37,19.75,22.45,0.00,0.00,0.00,0.00,49.86,0.00,0.00,0.00,0.00,2.94,0.00,0.00,0.00,0.00,0.00,0.00,1.96,0.00,0.49,0.00,0.00,0.00,0.00,0.00,0.00,0.00,1.96,0.00,0.00,0.00,0.00,0.59,0.00,41.92,272.13,100,1000,9,1.33,0.6,HPMC,3,0.541,0.667,102,Round,4.25,75 rpm,SLS,0.4,86.77,90.1,91.58,93.46,94.59,95.65
Class 2,Base,Low,High,0.008,0.006,0.005,8.249,2.69,13.5,5.9,3,0.238,0.37,19.75,22.45,0.00,0.00,0.00,0.00,49.86,0.00,0.00,0.00,0.00,2.94,0.00,0.00,0.00,0.00,0.00,0.00,1.96,0.00,0.49,0.00,0.00,0.00,0.00,0.00,0.00,0.00,1.96,0.00,0.00,0.00,0.00,0.59,0.00,41.92,272.13,100,1000,9,1.33,0.6,HPMC,3,0.541,0.667,102,Round,4.25,75 rpm,SLS,0.4,86.05,89.22,91.51,93.37,94.92,95.18
Class 2,Base,Low,High,0.008,0.006,0.005,8.249,2.69,13.5,5.9,3,0.238,0.37,19.75,22.45,0.00,0.00,0.00,0.00,49.86,0.00,0.00,0.00,0.00,2.94,0.00,0.00,0.00,0.00,0.00,0.00,1.96,0.00,0.49,0.00,0.00,0.00,0.00,0.00,0.00,0.00,1.96,0.00,0.00,0.00,0.00,0.59,0.00,41.92,272.13,100,1000,9,1.33,0.6,HPMC,3,0.541,0.667,102,Round,4.25,75 rpm,SLS,0.4,86.31,89.54,91.98,93.34,95.41,95.41
Class 2,Base,Low,High,0.008,0.006,0.005,8.249,2.69,13.5,5.9,3,0.238,0.37,19.75,22.45,0.00,0.00,0.00,0.00,49.86,0.00,0.00,0.00,0.00,2.94,0.00,0.00,0.00,0.00,0.00,0.00,1.96,0.00,0.49,0.00,0.00,0.00,0.00,0.00,0.00,0.00,1.96,0.00,0.00,0.00,0.00,0.59,0.00,41.92,272.13,100,1000,9,1.33,0.6,HPMC,3,0.541,0.667,102,Round,4.25,75 rpm,SLS,0.4,88.65,91.28,93.52,95.04,97.41,97.41
Class 2,Base,Low,High,0.008,0.006,0.005,8.249,2.69,13.5,5.9,3,0.238,0.37,19.75,22.45,0.00,0.00,0.00,0.00,49.86,0.00,0.00,0.00,0.00,2.94,0.00,0.00,0.00,0.00,0.00,0.00,1.96,0.00,0.49,0.00,0.00,0.00,0.00,0.00,0.00,0.00,1.96,0.00,0.00,0.00,0.00,0.59,0.00,41.92,272.13,100,1000,9,1.33,0.6,HPMC,3,0.541,0.667,102,Round,4.25,75 rpm,SLS,0.4,86.21,89.59,92.39,93.71,95.64,96
Class 2,Base,Low,High,0.008,0.006,0.005,8.249,2.69,13.5,5.9,3,0.238,0.37,19.75,22.45,0.00,0.00,0.00,0.00,49.86,0.00,0.00,0.00,0.00,2.94,0.00,0.00,0.00,0.00,0.00,0.00,1.96,0.00,0.49,0.00,0.00,0.00,0.00,0.00,0.00,0.00,1.96,0.00,0.00,0.00,0.00,0.59,0.00,41.92,272.13,100,1000,9,1.33,0.6,HPMC,3,0.541,0.667,102,Round,4.25,75 rpm,SLS,0.4,86.56,90.57,92.72,94.29,96.25,97.17
Class 2,Base,Low,High,0.008,0.006,0.005,8.249,2.69,13.5,5.9,3,0.238,0.37,19.75,22.45,0.00,0.00,0.00,0.00,49.86,0.00,0.00,0.00,0.00,2.94,0.00,0.00,0.00,0.00,0.00,0.00,1.96,0.00,0.49,0.00,0.00,0.00,0.00,0.00,0.00,0.00,1.96,0.00,0.00,0.00,0.00,0.59,0.00,41.92,272.13,100,1000,9,1.33,0.6,HPMC,3,0.541,0.667,102,Round,4.25,75 rpm,SLS,0.4,87.37,90.89,92.77,94.48,96.07,96.77
Class 2,Salt,Low,High,0,0.56,0.72,8,2.2,8.2,9.95,2.5,0.217,0.345,14.22,0.00,0.00,52.02,0.00,0.00,22.30,0.00,0.00,0.00,0.00,0.00,4.05,0.00,0.00,0.00,0.00,4.05,0.00,0.00,0.00,0.00,0.00,0.00,0.00,0.00,0.00,0.00,0.00,2.00,0.00,0.00,0.00,1.35,0.00,30.48,272.13,100.00,1200.00,9.00,1.17,0.85,HPMC,3.00,0.59,0.71,850.00,Oval,20.00,65 rpm,SLS,0.2,79.32,94.05,97.11,99.29,100.41,100.94
Class 2,Salt,Low,High,0,0.56,0.72,8,2.2,8.2,9.95,2.5,0.217,0.345,14.22,0.00,0.00,52.02,0.00,0.00,22.30,0.00,0.00,0.00,0.00,0.00,4.05,0.00,0.00,0.00,0.00,4.05,0.00,0.00,0.00,0.00,0.00,0.00,0.00,0.00,0.00,0.00,0.00,2.00,0.00,0.00,0.00,1.35,0.00,29.362,272.13,100.00,1200.00,8.00,0.96,0.85,HPMC,3.00,0.60,0.67,850.00,Oval,19.5,65 rpm,SLS,0.2,83.91,95.22,97.52,98.86,99.68,99.68
Class 3,Base,High,Low,100,100,100,33.429,0.6,6.11,4.3,0.59,0.417,0.588,1.52,0.00,0.00,0.00,0.00,0.00,0.00,0.00,0.00,73.48,20.00,2.00,0.00,0.00,0.00,0.00,0.00,0.00,0.00,0.00,0.00,0.00,0.00,0.00,0.00,0.00,0.00,0.00,2.00,0.00,0.00,0.00,1.00,0.00,0.00,24.74,209.333,100,1000,10,0.27,0.85,No,0,0.80,1.00,100,Round,4,75 rpm,No,0,103,103,103,103,103,103
Class 3,Base,High,Low,100,100,100,33.429,0.6,6.11,4.3,0.59,0.417,0.588,1.52,0.00,0.00,0.00,0.00,0.00,0.00,0.00,0.00,73.48,20.00,2.00,0.00,0.00,0.00,0.00,0.00,0.00,0.00,0.00,0.00,0.00,0.00,0.00,0.00,0.00,0.00,0.00,2.00,0.00,0.00,0.00,1.00,0.00,0.00,24.74,209.333,100,1000,10,0.27,0.85,No,0,0.80,1.00,100,Round,4,75 rpm,No,0,102,102,102,103,103,103
Class 3,Base,High,Low,100,100,100,33.429,0.6,6.11,4.3,0.59,0.417,0.588,1.52,0.00,0.00,0.00,0.00,0.00,0.00,0.00,0.00,73.48,20.00,2.00,0.00,0.00,0.00,0.00,0.00,0.00,0.00,0.00,0.00,0.00,0.00,0.00,0.00,0.00,0.00,0.00,2.00,0.00,0.00,0.00,1.00,0.00,0.00,24.74,209.333,100,1000,10,0.27,0.85,No,0,0.80,1.00,100,Round,4,75 rpm,No,0,100,101,101,101,102,102
Class 3,Base,High,Low,100,100,100,33.429,0.6,6.11,4.3,0.59,0.417,0.588,1.52,0.00,0.00,0.00,0.00,0.00,0.00,0.00,0.00,73.48,20.00,2.00,0.00,0.00,0.00,0.00,0.00,0.00,0.00,0.00,0.00,0.00,0.00,0.00,0.00,0.00,0.00,0.00,2.00,0.00,0.00,0.00,1.00,0.00,0.00,24.74,209.333,100,1000,10,0.27,0.85,No,0,0.80,1.00,100,Round,4,75 rpm,No,0,99,99,99,100,101,101
Class 3,Base,High,Low,100,100,100,33.429,0.6,6.11,4.3,0.59,0.417,0.588,1.52,0.00,0.00,0.00,0.00,0.00,0.00,0.00,0.00,73.48,20.00,2.00,0.00,0.00,0.00,0.00,0.00,0.00,0.00,0.00,0.00,0.00,0.00,0.00,0.00,0.00,0.00,0.00,2.00,0.00,0.00,0.00,1.00,0.00,0.00,24.74,209.333,100,1000,10,0.27,0.85,No,0,0.80,1.00,100,Round,4,75 rpm,No,0,99,99,99,100,101,101
Class 3,Base,High,Low,100,100,100,33.429,0.6,6.11,4.3,0.59,0.417,0.588,1.52,0.00,0.00,0.00,0.00,0.00,0.00,0.00,0.00,73.48,20.00,2.00,0.00,0.00,0.00,0.00,0.00,0.00,0.00,0.00,0.00,0.00,0.00,0.00,0.00,0.00,0.00,0.00,2.00,0.00,0.00,0.00,1.00,0.00,0.00,24.74,209.333,100,1000,10,0.27,0.85,No,0,0.80,1.00,100,Round,4,75 rpm,No,0,101,101,101,102,103,103
Class 3,Base,High,Low,100,100,100,33.429,0.6,6.11,4.3,0.59,0.417,0.588,1.52,0.00,0.00,0.00,0.00,0.00,0.00,0.00,0.00,73.48,20.00,2.00,0.00,0.00,0.00,0.00,0.00,0.00,0.00,0.00,0.00,0.00,0.00,0.00,0.00,0.00,0.00,0.00,2.00,0.00,0.00,0.00,1.00,0.00,0.00,24.74,209.333,100,1000,10,0.27,0.85,No,0,0.80,1.00,100,Round,4,75 rpm,No,0,100,100,100,102,102,102
Class 3,Base,High,Low,100,100,100,33.429,0.6,6.11,4.3,0.59,0.417,0.588,1.52,0.00,0.00,0.00,0.00,0.00,0.00,0.00,0.00,73.48,20.00,2.00,0.00,0.00,0.00,0.00,0.00,0.00,0.00,0.00,0.00,0.00,0.00,0.00,0.00,0.00,0.00,0.00,2.00,0.00,0.00,0.00,1.00,0.00,0.00,24.74,209.333,100,1000,10,0.27,0.85,No,0,0.80,1.00,100,Round,4,75 rpm,No,0,96,98,98,99,100,101
Class 3,Base,High,Low,100,100,100,33.429,0.6,6.11,4.3,0.59,0.417,0.588,1.52,0.00,0.00,0.00,0.00,0.00,0.00,0.00,0.00,73.48,20.00,2.00,0.00,0.00,0.00,0.00,0.00,0.00,0.00,0.00,0.00,0.00,0.00,0.00,0.00,0.00,0.00,0.00,2.00,0.00,0.00,0.00,1.00,0.00,0.00,24.74,209.333,100,1000,10,0.27,0.85,No,0,0.80,1.00,100,Round,4,75 rpm,No,0,97,97,97,99,99,99
Class 3,Base,High,Low,100,100,100,33.429,0.6,6.11,4.3,0.59,0.417,0.588,1.52,0.00,0.00,0.00,0.00,0.00,0.00,0.00,0.00,73.48,20.00,2.00,0.00,0.00,0.00,0.00,0.00,0.00,0.00,0.00,0.00,0.00,0.00,0.00,0.00,0.00,0.00,0.00,2.00,0.00,0.00,0.00,1.00,0.00,0.00,24.74,209.333,100,1000,10,0.27,0.85,No,0,0.80,1.00,100,Round,4,75 rpm,No,0,100,101,101,101,101,101
Class 3,Base,High,Low,100,100,100,33.429,0.6,6.11,4.3,0.59,0.417,0.588,1.52,0.00,0.00,0.00,0.00,0.00,0.00,0.00,0.00,73.48,20.00,2.00,0.00,0.00,0.00,0.00,0.00,0.00,0.00,0.00,0.00,0.00,0.00,0.00,0.00,0.00,0.00,0.00,2.00,0.00,0.00,0.00,1.00,0.00,0.00,24.74,209.333,100,1000,10,0.27,0.85,No,0,0.80,1.00,100,Round,4,75 rpm,No,0,101,101,101,102,102,102
Class 3,Base,High,Low,100,100,100,33.429,0.6,6.11,4.3,0.59,0.417,0.588,1.52,0.00,0.00,0.00,0.00,0.00,0.00,0.00,0.00,73.48,20.00,2.00,0.00,0.00,0.00,0.00,0.00,0.00,0.00,0.00,0.00,0.00,0.00,0.00,0.00,0.00,0.00,0.00,2.00,0.00,0.00,0.00,1.00,0.00,0.00,24.74,209.333,100,1000,10,0.27,0.85,No,0,0.80,1.00,100,Round,4,75 rpm,No,0,102,102,102,102,102,103
Class 2,Salt,Low,High,0.10,0.10,0.10,5.493,6.36,6.68,6.87,1.5,0.227,0.303,10.83,12.00,0.00,0.00,0.00,0.00,43.38,0.00,20.00,0.00,0.00,3.00,0.00,0.00,0.00,0.00,1.80,0.00,0.00,1.00,0.00,5.00,0.00,0.00,0.00,0.00,0.00,0.00,2.00,0.00,0.00,0.00,1.00,0.00,0.00,58.05,272.133,100,1000,13,0.77,0.85,PVA,3,0.556,0.741,400,Round,7.05,75 rpm,No,0,91.31,92.96,93.72,94.25,94.46,94.46
Class 2,Salt,Low,High,0.10,0.10,0.10,5.493,6.36,6.68,6.87,1.5,0.227,0.303,10.83,12.00,0.00,0.00,0.00,0.00,43.38,0.00,20.00,0.00,0.00,3.00,0.00,0.00,0.00,0.00,1.80,0.00,0.00,1.00,0.00,5.00,0.00,0.00,0.00,0.00,0.00,0.00,2.00,0.00,0.00,0.00,1.00,0.00,0.00,58.05,272.133,100,1000,13,0.77,0.85,PVA,3,0.556,0.741,400,Round,7.05,75 rpm,No,0,89.88,93.52,95.02,96.49,96.87,96.87
Class 2,Salt,Low,High,0.10,0.10,0.10,5.493,6.36,6.68,6.87,1.5,0.227,0.303,10.83,12.00,0.00,0.00,0.00,0.00,43.38,0.00,20.00,0.00,0.00,3.00,0.00,0.00,0.00,0.00,1.80,0.00,0.00,1.00,0.00,5.00,0.00,0.00,0.00,0.00,0.00,0.00,2.00,0.00,0.00,0.00,1.00,0.00,0.00,58.05,272.133,100,1000,13,0.77,0.85,PVA,3,0.556,0.741,400,Round,7.05,75 rpm,No,0,88.87,92.23,93.35,93.93,94.26,94.8
Class 2,Salt,Low,High,0.10,0.10,0.10,5.493,6.36,6.68,6.87,1.5,0.227,0.303,10.83,12.00,0.00,0.00,0.00,0.00,43.38,0.00,20.00,0.00,0.00,3.00,0.00,0.00,0.00,0.00,1.80,0.00,0.00,1.00,0.00,5.00,0.00,0.00,0.00,0.00,0.00,0.00,2.00,0.00,0.00,0.00,1.00,0.00,0.00,58.05,272.133,100,1000,13,0.77,0.85,PVA,3,0.556,0.741,400,Round,7.05,75 rpm,No,0,89.61,92.78,94.61,95.94,96.2,96.4
Class 2,Salt,Low,High,0.10,0.10,0.10,5.493,6.36,6.68,6.87,1.5,0.227,0.303,10.83,12.00,0.00,0.00,0.00,0.00,43.38,0.00,20.00,0.00,0.00,3.00,0.00,0.00,0.00,0.00,1.80,0.00,0.00,1.00,0.00,5.00,0.00,0.00,0.00,0.00,0.00,0.00,2.00,0.00,0.00,0.00,1.00,0.00,0.00,58.05,272.133,100,1000,13,0.77,0.85,PVA,3,0.556,0.741,400,Round,7.05,75 rpm,No,0,94.45,96.59,97.03,97.62,97.71,97.71
Class 2,Salt,Low,High,0.10,0.10,0.10,5.493,6.36,6.68,6.87,1.5,0.227,0.303,10.83,12.00,0.00,0.00,0.00,0.00,43.38,0.00,20.00,0.00,0.00,3.00,0.00,0.00,0.00,0.00,1.80,0.00,0.00,1.00,0.00,5.00,0.00,0.00,0.00,0.00,0.00,0.00,2.00,0.00,0.00,0.00,1.00,0.00,0.00,58.05,272.133,100,1000,13,0.77,0.85,PVA,3,0.556,0.741,400,Round,7.05,75 rpm,No,0,89.52,92.54,93.86,94.5,94.7,94.7
Class 2,Salt,Low,High,0.10,0.10,0.10,5.493,6.36,6.68,6.87,1.5,0.227,0.303,10.83,12.00,0.00,0.00,0.00,0.00,43.38,0.00,20.00,0.00,0.00,3.00,0.00,0.00,0.00,0.00,1.80,0.00,0.00,1.00,0.00,5.00,0.00,0.00,0.00,0.00,0.00,0.00,2.00,0.00,0.00,0.00,1.00,0.00,0.00,58.05,272.133,100,1000,13,0.77,0.85,PVA,3,0.556,0.741,400,Round,7.05,75 rpm,No,0,89.54,92.3,93.51,94.52,95.16,95.28
Class 2,Salt,Low,High,0.10,0.10,0.10,5.493,6.36,6.68,6.87,1.5,0.227,0.303,10.83,12.00,0.00,0.00,0.00,0.00,43.38,0.00,20.00,0.00,0.00,3.00,0.00,0.00,0.00,0.00,1.80,0.00,0.00,1.00,0.00,5.00,0.00,0.00,0.00,0.00,0.00,0.00,2.00,0.00,0.00,0.00,1.00,0.00,0.00,58.05,272.133,100,1000,13,0.77,0.85,PVA,3,0.556,0.741,400,Round,7.05,75 rpm,No,0,89.93,93.77,94.88,95.96,96.58,96.58
Class 2,Salt,Low,High,0.10,0.10,0.10,5.493,6.36,6.68,6.87,1.5,0.227,0.303,10.83,12.00,0.00,0.00,0.00,0.00,43.38,0.00,20.00,0.00,0.00,3.00,0.00,0.00,0.00,0.00,1.80,0.00,0.00,1.00,0.00,5.00,0.00,0.00,0.00,0.00,0.00,0.00,2.00,0.00,0.00,0.00,1.00,0.00,0.00,58.05,272.133,100,1000,13,0.77,0.85,PVA,3,0.556,0.741,400,Round,7.05,75 rpm,No,0,87.53,91.01,92.64,94.61,95.04,95.1
Class 2,Salt,Low,High,0.10,0.10,0.10,5.493,6.36,6.68,6.87,1.5,0.227,0.303,10.83,12.00,0.00,0.00,0.00,0.00,43.38,0.00,20.00,0.00,0.00,3.00,0.00,0.00,0.00,0.00,1.80,0.00,0.00,1.00,0.00,5.00,0.00,0.00,0.00,0.00,0.00,0.00,2.00,0.00,0.00,0.00,1.00,0.00,0.00,58.05,272.133,100,1000,13,0.77,0.85,PVA,3,0.556,0.741,400,Round,7.05,75 rpm,No,0,93.24,95.84,96.67,97.47,97.65,97.71
Class 2,Salt,Low,High,0.10,0.10,0.10,5.493,6.36,6.68,6.87,1.5,0.227,0.303,10.83,12.00,0.00,0.00,0.00,0.00,43.38,0.00,20.00,0.00,0.00,3.00,0.00,0.00,0.00,0.00,1.80,0.00,0.00,1.00,0.00,5.00,0.00,0.00,0.00,0.00,0.00,0.00,2.00,0.00,0.00,0.00,1.00,0.00,0.00,58.05,272.133,100,1000,13,0.77,0.85,PVA,3,0.556,0.741,400,Round,7.05,75 rpm,No,0,91.17,91.79,92.59,93.44,93.47,93.83
Class 2,Salt,Low,High,0.10,0.10,0.10,5.493,6.36,6.68,6.87,1.5,0.227,0.303,10.83,12.00,0.00,0.00,0.00,0.00,43.38,0.00,20.00,0.00,0.00,3.00,0.00,0.00,0.00,0.00,1.80,0.00,0.00,1.00,0.00,5.00,0.00,0.00,0.00,0.00,0.00,0.00,2.00,0.00,0.00,0.00,1.00,0.00,0.00,58.05,272.133,100,1000,13,0.87,0.85,PVA,3,0.556,0.741,400,Round,6.6,75 rpm,No,0,88.62,91.5,92.29,93.13,94.2,94.25
Class 2,Salt,Low,High,0.10,0.10,0.10,5.493,6.36,6.68,6.87,1.5,0.227,0.303,10.83,12.00,0.00,0.00,0.00,0.00,43.38,0.00,20.00,0.00,0.00,3.00,0.00,0.00,0.00,0.00,1.80,0.00,0.00,1.00,0.00,5.00,0.00,0.00,0.00,0.00,0.00,0.00,2.00,0.00,0.00,0.00,1.00,0.00,0.00,58.05,272.133,100,1000,13,0.87,0.85,PVA,3,0.556,0.741,400,Round,6.6,75 rpm,No,0,87.18,90.52,92.05,93.93,95.73,95.75
Class 2,Salt,Low,High,0.10,0.10,0.10,5.493,6.36,6.68,6.87,1.5,0.227,0.303,10.83,12.00,0.00,0.00,0.00,0.00,43.38,0.00,20.00,0.00,0.00,3.00,0.00,0.00,0.00,0.00,1.80,0.00,0.00,1.00,0.00,5.00,0.00,0.00,0.00,0.00,0.00,0.00,2.00,0.00,0.00,0.00,1.00,0.00,0.00,58.05,272.133,100,1000,13,0.87,0.85,PVA,3,0.556,0.741,400,Round,6.6,75 rpm,No,0,87.13,91,92.98,94.44,95.56,96.32
Class 2,Salt,Low,High,0.10,0.10,0.10,5.493,6.36,6.68,6.87,1.5,0.227,0.303,10.83,12.00,0.00,0.00,0.00,0.00,43.38,0.00,20.00,0.00,0.00,3.00,0.00,0.00,0.00,0.00,1.80,0.00,0.00,1.00,0.00,5.00,0.00,0.00,0.00,0.00,0.00,0.00,2.00,0.00,0.00,0.00,1.00,0.00,0.00,58.05,272.133,100,1000,13,0.87,0.85,PVA,3,0.556,0.741,400,Round,6.6,75 rpm,No,0,89.03,92.2,93.55,94.79,95.8,96.23
Class 2,Salt,Low,High,0.10,0.10,0.10,5.493,6.36,6.68,6.87,1.5,0.227,0.303,10.83,12.00,0.00,0.00,0.00,0.00,43.38,0.00,20.00,0.00,0.00,3.00,0.00,0.00,0.00,0.00,1.80,0.00,0.00,1.00,0.00,5.00,0.00,0.00,0.00,0.00,0.00,0.00,2.00,0.00,0.00,0.00,1.00,0.00,0.00,58.05,272.133,100,1000,13,0.87,0.85,PVA,3,0.556,0.741,400,Round,6.6,75 rpm,No,0,90.12,92.82,94.01,94.72,95.16,95.52
Class 2,Salt,Low,High,0.10,0.10,0.10,5.493,6.36,6.68,6.87,1.5,0.227,0.303,10.83,12.00,0.00,0.00,0.00,0.00,43.38,0.00,20.00,0.00,0.00,3.00,0.00,0.00,0.00,0.00,1.80,0.00,0.00,1.00,0.00,5.00,0.00,0.00,0.00,0.00,0.00,0.00,2.00,0.00,0.00,0.00,1.00,0.00,0.00,58.05,272.133,100,1000,13,0.87,0.85,PVA,3,0.556,0.741,400,Round,6.6,75 rpm,No,0,90.76,93.17,94.53,95.2,95.82,96.44
Class 2,Salt,Low,High,0.10,0.10,0.10,5.493,6.36,6.68,6.87,1.5,0.227,0.303,10.83,12.00,0.00,0.00,0.00,0.00,43.38,0.00,20.00,0.00,0.00,3.00,0.00,0.00,0.00,0.00,1.80,0.00,0.00,1.00,0.00,5.00,0.00,0.00,0.00,0.00,0.00,0.00,2.00,0.00,0.00,0.00,1.00,0.00,0.00,58.05,272.133,100,1000,13,0.87,0.85,PVA,3,0.556,0.741,400,Round,6.6,75 rpm,No,0,88.1,91.22,93.39,95.26,95.8,96.22
Class 2,Salt,Low,High,0.10,0.10,0.10,5.493,6.36,6.68,6.87,1.5,0.227,0.303,10.83,12.00,0.00,0.00,0.00,0.00,43.38,0.00,20.00,0.00,0.00,3.00,0.00,0.00,0.00,0.00,1.80,0.00,0.00,1.00,0.00,5.00,0.00,0.00,0.00,0.00,0.00,0.00,2.00,0.00,0.00,0.00,1.00,0.00,0.00,58.05,272.133,100,1000,13,0.87,0.85,PVA,3,0.556,0.741,400,Round,6.6,75 rpm,No,0,88.07,91.87,92.82,93.86,95,95.13
Class 2,Salt,Low,High,0.10,0.10,0.10,5.493,6.36,6.68,6.87,1.5,0.227,0.303,10.83,12.00,0.00,0.00,0.00,0.00,43.38,0.00,20.00,0.00,0.00,3.00,0.00,0.00,0.00,0.00,1.80,0.00,0.00,1.00,0.00,5.00,0.00,0.00,0.00,0.00,0.00,0.00,2.00,0.00,0.00,0.00,1.00,0.00,0.00,58.05,272.133,100,1000,13,0.87,0.85,PVA,3,0.556,0.741,400,Round,6.6,75 rpm,No,0,85.03,89.32,91.24,93.4,94.66,95.07
Class 2,Salt,Low,High,0.10,0.10,0.10,5.493,6.36,6.68,6.87,1.5,0.227,0.303,10.83,12.00,0.00,0.00,0.00,0.00,43.38,0.00,20.00,0.00,0.00,3.00,0.00,0.00,0.00,0.00,1.80,0.00,0.00,1.00,0.00,5.00,0.00,0.00,0.00,0.00,0.00,0.00,2.00,0.00,0.00,0.00,1.00,0.00,0.00,58.05,272.133,100,1000,13,0.87,0.85,PVA,3,0.556,0.741,400,Round,6.6,75 rpm,No,0,88.84,90.7,92.31,93.15,93.95,93.97
Class 2,Salt,Low,High,0.10,0.10,0.10,5.493,6.36,6.68,6.87,1.5,0.227,0.303,10.83,12.00,0.00,0.00,0.00,0.00,43.38,0.00,20.00,0.00,0.00,3.00,0.00,0.00,0.00,0.00,1.80,0.00,0.00,1.00,0.00,5.00,0.00,0.00,0.00,0.00,0.00,0.00,2.00,0.00,0.00,0.00,1.00,0.00,0.00,58.05,272.133,100,1000,13,0.87,0.85,PVA,3,0.556,0.741,400,Round,6.6,75 rpm,No,0,93.65,95.65,96.25,97.08,97.6,97.6
Class 2,Salt,Low,High,0.10,0.10,0.10,5.493,6.36,6.68,6.87,1.5,0.227,0.303,10.83,12.00,0.00,0.00,0.00,0.00,43.38,0.00,20.00,0.00,0.00,3.00,0.00,0.00,0.00,0.00,1.80,0.00,0.00,1.00,0.00,5.00,0.00,0.00,0.00,0.00,0.00,0.00,2.00,0.00,0.00,0.00,1.00,0.00,0.00,58.05,272.133,100,1000,13,0.87,0.85,PVA,3,0.556,0.741,400,Round,6.6,75 rpm,No,0,89.84,91.99,92.94,94.2,94.7,95.12
Class 2,Salt,Low,High,0.10,0.10,0.10,6.943,6.36,6.68,6.87,1.5,0.208,0.294,10.83,12.00,0.00,0.00,0.00,0.00,43.38,0.00,20.00,0.00,0.00,3.00,0.00,0.00,0.00,0.00,1.80,0.00,0.00,1.00,0.00,5.00,0.00,0.00,0.00,0.00,0.00,0.00,2.00,0.00,0.00,0.00,1.00,0.00,0.00,58.05,272.133,100,1000,13,0.79,0.85,PVA,3,0.526,0.769,400,Round,7.65,75 rpm,No,0,89.43,91.78,92.23,92.9,93.32,93.33
Class 2,Salt,Low,High,0.10,0.10,0.10,6.943,6.36,6.68,6.87,1.5,0.208,0.294,10.83,12.00,0.00,0.00,0.00,0.00,43.38,0.00,20.00,0.00,0.00,3.00,0.00,0.00,0.00,0.00,1.80,0.00,0.00,1.00,0.00,5.00,0.00,0.00,0.00,0.00,0.00,0.00,2.00,0.00,0.00,0.00,1.00,0.00,0.00,58.05,272.133,100,1000,13,0.79,0.85,PVA,3,0.526,0.769,400,Round,7.65,75 rpm,No,0,88.86,91.46,91.81,92.81,92.81,93.04
Class 2,Salt,Low,High,0.10,0.10,0.10,6.943,6.36,6.68,6.87,1.5,0.208,0.294,10.83,12.00,0.00,0.00,0.00,0.00,43.38,0.00,20.00,0.00,0.00,3.00,0.00,0.00,0.00,0.00,1.80,0.00,0.00,1.00,0.00,5.00,0.00,0.00,0.00,0.00,0.00,0.00,2.00,0.00,0.00,0.00,1.00,0.00,0.00,58.05,272.133,100,1000,13,0.79,0.85,PVA,3,0.526,0.769,400,Round,7.65,75 rpm,No,0,89.06,90.82,90.98,91.51,91.72,91.96
Class 2,Salt,Low,High,0.10,0.10,0.10,6.943,6.36,6.68,6.87,1.5,0.208,0.294,10.83,12.00,0.00,0.00,0.00,0.00,43.38,0.00,20.00,0.00,0.00,3.00,0.00,0.00,0.00,0.00,1.80,0.00,0.00,1.00,0.00,5.00,0.00,0.00,0.00,0.00,0.00,0.00,2.00,0.00,0.00,0.00,1.00,0.00,0.00,58.05,272.133,100,1000,13,0.79,0.85,PVA,3,0.526,0.769,400,Round,7.65,75 rpm,No,0,90.99,92.77,93.15,93.94,94.43,94.77
Class 2,Salt,Low,High,0.10,0.10,0.10,6.943,6.36,6.68,6.87,1.5,0.208,0.294,10.83,12.00,0.00,0.00,0.00,0.00,43.38,0.00,20.00,0.00,0.00,3.00,0.00,0.00,0.00,0.00,1.80,0.00,0.00,1.00,0.00,5.00,0.00,0.00,0.00,0.00,0.00,0.00,2.00,0.00,0.00,0.00,1.00,0.00,0.00,58.05,272.133,100,1000,13,0.79,0.85,PVA,3,0.526,0.769,400,Round,7.65,75 rpm,No,0,88.5,91.9,93.14,93.49,94.31,94.48
Class 2,Salt,Low,High,0.10,0.10,0.10,6.943,6.36,6.68,6.87,1.5,0.208,0.294,10.83,12.00,0.00,0.00,0.00,0.00,43.38,0.00,20.00,0.00,0.00,3.00,0.00,0.00,0.00,0.00,1.80,0.00,0.00,1.00,0.00,5.00,0.00,0.00,0.00,0.00,0.00,0.00,2.00,0.00,0.00,0.00,1.00,0.00,0.00,58.05,272.133,100,1000,13,0.79,0.85,PVA,3,0.526,0.769,400,Round,7.65,75 rpm,No,0,86.69,89.84,91.09,91.82,92.61,93.31
Class 2,Salt,Low,High,0.10,0.10,0.10,6.943,6.36,6.68,6.87,1.5,0.208,0.294,10.83,12.00,0.00,0.00,0.00,0.00,43.38,0.00,20.00,0.00,0.00,3.00,0.00,0.00,0.00,0.00,1.80,0.00,0.00,1.00,0.00,5.00,0.00,0.00,0.00,0.00,0.00,0.00,2.00,0.00,0.00,0.00,1.00,0.00,0.00,58.05,272.133,100,1000,13,0.79,0.85,PVA,3,0.526,0.769,400,Round,7.65,75 rpm,No,0,90.66,93.96,95.59,96.46,97.45,97.66
Class 2,Salt,Low,High,0.10,0.10,0.10,6.943,6.36,6.68,6.87,1.5,0.208,0.294,10.83,12.00,0.00,0.00,0.00,0.00,43.38,0.00,20.00,0.00,0.00,3.00,0.00,0.00,0.00,0.00,1.80,0.00,0.00,1.00,0.00,5.00,0.00,0.00,0.00,0.00,0.00,0.00,2.00,0.00,0.00,0.00,1.00,0.00,0.00,58.05,272.133,100,1000,13,0.79,0.85,PVA,3,0.526,0.769,400,Round,7.65,75 rpm,No,0,89.88,93.36,95.07,95.72,96.03,96.03
Class 2,Salt,Low,High,0.10,0.10,0.10,6.943,6.36,6.68,6.87,1.5,0.208,0.294,10.83,12.00,0.00,0.00,0.00,0.00,43.38,0.00,20.00,0.00,0.00,3.00,0.00,0.00,0.00,0.00,1.80,0.00,0.00,1.00,0.00,5.00,0.00,0.00,0.00,0.00,0.00,0.00,2.00,0.00,0.00,0.00,1.00,0.00,0.00,58.05,272.133,100,1000,13,0.79,0.85,PVA,3,0.526,0.769,400,Round,7.65,75 rpm,No,0,90.01,91.5,92.33,93.39,93.4,93.66
Class 2,Salt,Low,High,0.10,0.10,0.10,6.943,6.36,6.68,6.87,1.5,0.208,0.294,10.83,12.00,0.00,0.00,0.00,0.00,43.38,0.00,20.00,0.00,0.00,3.00,0.00,0.00,0.00,0.00,1.80,0.00,0.00,1.00,0.00,5.00,0.00,0.00,0.00,0.00,0.00,0.00,2.00,0.00,0.00,0.00,1.00,0.00,0.00,58.05,272.133,100,1000,13,0.79,0.85,PVA,3,0.526,0.769,400,Round,3.45,75 rpm,No,0,86.73,88.43,89.53,90.09,90.29,90.65
Class 2,Salt,Low,High,0.10,0.10,0.10,6.943,6.36,6.68,6.87,1.5,0.208,0.294,10.83,12.00,0.00,0.00,0.00,0.00,43.38,0.00,20.00,0.00,0.00,3.00,0.00,0.00,0.00,0.00,1.80,0.00,0.00,1.00,0.00,5.00,0.00,0.00,0.00,0.00,0.00,0.00,2.00,0.00,0.00,0.00,1.00,0.00,0.00,58.05,272.133,100,1000,13,0.79,0.85,PVA,3,0.526,0.769,400,Round,3.45,75 rpm,No,0,90.88,94.05,95.14,96.19,97.29,97.81
Class 2,Salt,Low,High,0.10,0.10,0.10,6.943,6.36,6.68,6.87,1.5,0.208,0.294,10.83,12.00,0.00,0.00,0.00,0.00,43.38,0.00,20.00,0.00,0.00,3.00,0.00,0.00,0.00,0.00,1.80,0.00,0.00,1.00,0.00,5.00,0.00,0.00,0.00,0.00,0.00,0.00,2.00,0.00,0.00,0.00,1.00,0.00,0.00,58.05,272.133,100,1000,13,0.79,0.85,PVA,3,0.526,0.769,400,Round,3.45,75 rpm,No,0,90.11,92.24,93.72,94.11,94.88,95.15
Class 2,Salt,Low,High,0.10,0.10,0.10,6.943,6.36,6.68,6.87,1.5,0.208,0.294,10.83,12.00,0.00,0.00,0.00,0.00,43.38,0.00,20.00,0.00,0.00,3.00,0.00,0.00,0.00,0.00,1.80,0.00,0.00,1.00,0.00,5.00,0.00,0.00,0.00,0.00,0.00,0.00,2.00,0.00,0.00,0.00,1.00,0.00,0.00,58.05,272.133,100,1000,13,0.79,0.85,PVA,3,0.526,0.769,400,Round,9.3,75 rpm,No,0,87.82,91.48,93.47,94.93,95.26,95.44
Class 2,Salt,Low,High,0.10,0.10,0.10,6.943,6.36,6.68,6.87,1.5,0.208,0.294,10.83,12.00,0.00,0.00,0.00,0.00,43.38,0.00,20.00,0.00,0.00,3.00,0.00,0.00,0.00,0.00,1.80,0.00,0.00,1.00,0.00,5.00,0.00,0.00,0.00,0.00,0.00,0.00,2.00,0.00,0.00,0.00,1.00,0.00,0.00,58.05,272.133,100,1000,13,0.79,0.85,PVA,3,0.526,0.769,400,Round,9.3,75 rpm,No,0,88.96,91.37,92.16,92.64,95.9,92.99
Class 2,Base,Low,High,0.10,0.10,0.10,6.171,4.94,7.6,6.4,4.0,0.185,0.278,5.00,73.05,10.00,0.00,0.00,0.00,8.50,0.00,0.00,0.00,0.00,0.00,0.00,0.00,0.00,1.00,0.00,0.00,0.00,0.00,0.00,0.00,0.00,0.00,0.00,0.00,1.20,0.00,0.00,0.00,0.00,0.00,1.00,0.00,0.00,17.89,272.133,100,2000,6,0.9,0.6,No,0,0.571,0.8,100,Oblong,5.15,60 rpm,SLS,0.1,92.52,92.9,92.9,92.9,93.17,93.29
Class 2,Base,Low,High,0.10,0.10,0.10,6.812,4.94,7.6,6.4,4.0,0.185,0.294,5.00,73.05,10.00,0.00,0.00,0.00,8.50,0.00,0.00,0.00,0.00,0.00,0.00,0.00,0.00,1.00,0.00,0.00,0.00,0.00,0.00,0.00,0.00,0.00,0.00,0.00,1.20,0.00,0.00,0.00,0.00,0.00,1.00,0.00,0.00,17.89,272.133,100,2000,6,0.93,0.6,No,0,0.571,0.8,100,Oblong,4.5,60 rpm,SLS,0.1,92.07,93.66,93.66,95.65,94.86,96.36
Class 2,Base,Low,High,0.10,0.10,0.10,6.812,4.94,7.6,6.4,4.0,0.185,0.294,5.00,73.05,10.00,0.00,0.00,0.00,8.50,0.00,0.00,0.00,0.00,0.00,0.00,0.00,0.00,1.00,0.00,0.00,0.00,0.00,0.00,0.00,0.00,0.00,0.00,0.00,1.20,0.00,0.00,0.00,0.00,0.00,1.00,0.00,0.00,17.89,272.133,100,2000,6,0.93,0.6,No,0,0.571,0.8,100,Oblong,4.5,60 rpm,SLS,0.1,90.26,90.89,90.89,90.89,91.06,90.24
Class 2,Base,Low,High,0.10,0.10,0.10,6.812,4.94,7.6,6.4,4.0,0.185,0.294,5.00,73.05,10.00,0.00,0.00,0.00,8.50,0.00,0.00,0.00,0.00,0.00,0.00,0.00,0.00,1.00,0.00,0.00,0.00,0.00,0.00,0.00,0.00,0.00,0.00,0.00,1.20,0.00,0.00,0.00,0.00,0.00,1.00,0.00,0.00,17.89,272.133,100,2000,6,0.93,0.6,No,0,0.571,0.8,100,Oblong,4.5,60 rpm,SLS,0.1,92.74,93.47,93.47,93.97,94.75,95.13
Class 2,Base,Low,High,0.10,0.10,0.10,6.812,4.94,7.6,6.4,4.0,0.185,0.294,5.00,73.05,10.00,0.00,0.00,0.00,8.50,0.00,0.00,0.00,0.00,0.00,0.00,0.00,0.00,1.00,0.00,0.00,0.00,0.00,0.00,0.00,0.00,0.00,0.00,0.00,1.20,0.00,0.00,0.00,0.00,0.00,1.00,0.00,0.00,17.89,272.133,100,2000,6,0.93,0.6,No,0,0.571,0.8,100,Oblong,4.5,60 rpm,SLS,0.1,89.58,90.1,90.1,90.18,90.81,90.81
Class 2,Salt,Low,High,2,2,0.01,16.393,2.8,3.2,4,1.5,0.345,0.455,46.06,12.16,0.00,0.00,0.00,0.00,10.67,0.00,0.00,8.83,0.00,0.00,3.19,0.00,0.00,0.00,0.00,3.19,0.00,0.00,0.00,0.00,0.00,0.00,0.00,7.55,0.00,0.00,0.00,4.19,0.00,1.03,3.13,0.00,0.00,20.57,435.413,80,1500,6,1.25,0.85,HPMC,2.5,0.606,0.769,500,Round,10.45,50 rpm,No,0,45,64,74,84,90,90
Class 2,Salt,Low,High,2,2,0.01,16.393,2.8,3.2,4,1.5,0.345,0.455,46.06,12.16,0.00,0.00,0.00,0.00,10.67,0.00,0.00,8.83,0.00,0.00,3.19,0.00,0.00,0.00,0.00,3.19,0.00,0.00,0.00,0.00,0.00,0.00,0.00,7.55,0.00,0.00,0.00,4.19,0.00,1.03,3.13,0.00,0.00,20.57,435.413,80,1500,6,1.25,0.85,HPMC,2.5,0.556,0.741,250,Round,9.4,50 rpm,No,0,40,56,65,76,84,84
Class 2,Salt,Low,High,2,2,0.01,15.534,2.8,3.2,4,1.5,0.4,0.526,46.06,12.16,0.00,0.00,0.00,0.00,10.67,0.00,0.00,8.83,0.00,0.00,3.19,0.00,0.00,0.00,0.00,3.19,0.00,0.00,0.00,0.00,0.00,0.00,0.00,7.55,0.00,0.00,0.00,4.19,0.00,1.03,3.13,0.00,0.00,20.57,435.413,80,1500,6,1.25,0.85,HPMC,2.5,0.556,0.741,250,Round,9.1,50 rpm,No,0,46,60,69,79,86,86
Class 4,Base,Low,Low,0.00,0.00,0.00,5.05,2.5,6.09,6,1,0.2,0.286,28.57,0.00,0.00,0.00,0.00,32.65,25.03,0.00,2.50,0.00,0.00,0.00,0.00,0.00,0.00,0.00,0.00,2.50,0.00,0.00,0.00,0.00,0.00,0.00,5.00,0.00,0.00,0.00,2.50,0.00,0.00,0.00,1.25,0.00,0.00,26.61,1632.800,300,1000,9,0.98,1,HPMC,3,0.588,0.667,700,Oval,19.2,50 rpm,No,0,85.53,91.68,93.35,99.22,104.69,106.89
Class 4,Base,Low,Low,0.00,0.00,0.00,5.05,2.5,6.09,6,1,0.2,0.286,28.57,0.00,0.00,0.00,0.00,32.65,25.03,0.00,2.50,0.00,0.00,0.00,0.00,0.00,0.00,0.00,0.00,2.50,0.00,0.00,0.00,0.00,0.00,0.00,5.00,0.00,0.00,0.00,2.50,0.00,0.00,0.00,1.25,0.00,0.00,26.61,1632.800,300,1000,9,0.98,1,HPMC,3,0.588,0.667,700,Oval,19.2,50 rpm,No,0,87.22,94.21,96.16,97.74,100.9,104.7
Class 4,Base,Low,Low,0.00,0.00,0.00,5.05,2.5,6.09,6,1,0.2,0.286,28.57,0.00,0.00,0.00,0.00,32.65,25.03,0.00,2.50,0.00,0.00,0.00,0.00,0.00,0.00,0.00,0.00,2.50,0.00,0.00,0.00,0.00,0.00,0.00,5.00,0.00,0.00,0.00,2.50,0.00,0.00,0.00,1.25,0.00,0.00,26.61,1632.800,300,1000,9,0.98,1,HPMC,3,0.588,0.667,700,Oval,19.2,50 rpm,No,0,87.75,91.94,93.48,95.37,96.69,97.08
Class 4,Base,Low,Low,0.00,0.00,0.00,5.05,2.5,6.09,6,1,0.2,0.286,28.57,0.00,0.00,0.00,0.00,32.65,25.03,0.00,2.50,0.00,0.00,0.00,0.00,0.00,0.00,0.00,0.00,2.50,0.00,0.00,0.00,0.00,0.00,0.00,5.00,0.00,0.00,0.00,2.50,0.00,0.00,0.00,1.25,0.00,0.00,26.61,1632.800,300,1000,9,0.98,1,HPMC,3,0.588,0.667,700,Oval,19.2,50 rpm,No,0,94.54,95.58,96.38,98.14,98.87,99.26
Class 3,Salt,High,Low,0.00,90.00,53.00,146.699,-3.32,6.7,4.14,1.25,0.69,1,16.07,58.43,0.00,0.00,0.00,0.00,0.00,15.00,0.00,0.00,5.00,0.00,0.00,5.00,0.00,0.00,0.00,0.00,0.00,0.00,0.00,0.00,0.00,0.00,0.00,0.00,0.00,0.00,0.00,0.00,0.00,0.00,0.50,0.00,0.00,24.12,319.233,100,1000,6,2,0.85,HPMC,3,0.606,0.73,250,Oblong,16.3,50 rpm,No,0,102.94,103.1,103.35,103.35,103.45,103.45
Class 3,Salt,High,Low,0.00,90.00,53.00,146.699,-3.32,6.7,4.14,1.25,0.69,1,16.07,58.43,0.00,0.00,0.00,0.00,0.00,15.00,0.00,0.00,5.00,0.00,0.00,5.00,0.00,0.00,0.00,0.00,0.00,0.00,0.00,0.00,0.00,0.00,0.00,0.00,0.00,0.00,0.00,0.00,0.00,0.00,0.50,0.00,0.00,24.12,319.233,100,1000,6,2,0.85,HPMC,3,0.606,0.73,250,Oblong,16.3,50 rpm,No,0,93.25,97.14,98.64,99.38,101.69,102.12
Class 3,Salt,High,Low,0.00,90.00,53.00,146.699,-3.32,6.7,4.14,1.25,0.69,1,16.07,58.43,0.00,0.00,0.00,0.00,0.00,15.00,0.00,0.00,5.00,0.00,0.00,5.00,0.00,0.00,0.00,0.00,0.00,0.00,0.00,0.00,0.00,0.00,0.00,0.00,0.00,0.00,0.00,0.00,0.00,0.00,0.50,0.00,0.00,24.12,319.233,100,1000,6,2,0.85,HPMC,3,0.606,0.73,250,Oblong,16.3,50 rpm,No,0,102.95,103.66,103.78,103.86,104.01,104.01
Class 3,Salt,High,Low,0.00,90.00,53.00,146.699,-3.32,6.7,4.14,1.25,0.69,1,16.07,58.43,0.00,0.00,0.00,0.00,0.00,15.00,0.00,0.00,5.00,0.00,0.00,5.00,0.00,0.00,0.00,0.00,0.00,0.00,0.00,0.00,0.00,0.00,0.00,0.00,0.00,0.00,0.00,0.00,0.00,0.00,0.50,0.00,0.00,24.12,319.233,100,1000,6,2,0.85,HPMC,3,0.606,0.73,250,Oblong,16.3,50 rpm,No,0,101,101.5,101.89,102.05,102.26,102.31
Class 3,Salt,High,Low,0.00,90.00,53.00,146.699,-3.32,6.7,4.14,1.25,0.69,1,16.07,58.43,0.00,0.00,0.00,0.00,0.00,15.00,0.00,0.00,5.00,0.00,0.00,5.00,0.00,0.00,0.00,0.00,0.00,0.00,0.00,0.00,0.00,0.00,0.00,0.00,0.00,0.00,0.00,0.00,0.00,0.00,0.50,0.00,0.00,24.12,319.233,100,1000,6,2,0.85,HPMC,3,0.606,0.73,250,Oblong,16.3,50 rpm,No,0,93.23,100.46,100.81,100.76,100.91,100.91
Class 3,Salt,High,Low,0.00,90.00,53.00,146.699,-3.32,6.7,4.14,1.25,0.69,1,16.07,58.43,0.00,0.00,0.00,0.00,0.00,15.00,0.00,0.00,5.00,0.00,0.00,5.00,0.00,0.00,0.00,0.00,0.00,0.00,0.00,0.00,0.00,0.00,0.00,0.00,0.00,0.00,0.00,0.00,0.00,0.00,0.50,0.00,0.00,24.12,319.233,100,1000,6,2,0.85,HPMC,3,0.606,0.73,250,Oblong,16.3,50 rpm,No,0,85.48,99.94,102.26,102.3,102.55,102.52
Class 3,Salt,High,Low,0.00,90.00,53.00,146.699,-3.32,6.7,4.14,1.25,0.69,1,16.07,58.43,0.00,0.00,0.00,0.00,0.00,15.00,0.00,0.00,5.00,0.00,0.00,5.00,0.00,0.00,0.00,0.00,0.00,0.00,0.00,0.00,0.00,0.00,0.00,0.00,0.00,0.00,0.00,0.00,0.00,0.00,0.50,0.00,0.00,24.12,319.233,100,1000,6,2,0.85,HPMC,3,0.606,0.73,250,Oblong,16.3,50 rpm,No,0,89.92,93.07,94.37,96.71,98.4,98.81
Class 3,Salt,High,Low,0.00,90.00,53.00,146.699,-3.32,6.7,4.14,1.25,0.69,1,16.07,58.43,0.00,0.00,0.00,0.00,0.00,15.00,0.00,0.00,5.00,0.00,0.00,5.00,0.00,0.00,0.00,0.00,0.00,0.00,0.00,0.00,0.00,0.00,0.00,0.00,0.00,0.00,0.00,0.00,0.00,0.00,0.50,0.00,0.00,24.12,319.233,100,1000,6,2,0.85,HPMC,3,0.606,0.73,250,Oblong,16.3,50 rpm,No,0,93.38,95.57,96.08,97.7,97.87,98.08